cfg_id,SCORE,CAND,MOVE,HMARGIN,instance,n,M,obj,proven,gap_pct,time_s,nodes,status
0,spread,4,0.3,2,cal_n10_rdd0.3_M2_s1103,10,2,80.7496,1,0,0.016935,275,OPT
1,spread,4,0.3,4,cal_n10_rdd0.3_M2_s1103,10,2,80.7496,1,0,0.0164099,275,OPT
2,spread,4,0.3,8,cal_n10_rdd0.3_M2_s1103,10,2,80.7496,1,0,0.0160854,275,OPT
3,spread,4,0.5,2,cal_n10_rdd0.3_M2_s1103,10,2,80.7496,1,0,0.0167005,275,OPT
4,spread,4,0.5,4,cal_n10_rdd0.3_M2_s1103,10,2,80.7496,1,0,0.0160089,275,OPT
5,spread,4,0.5,8,cal_n10_rdd0.3_M2_s1103,10,2,80.7496,1,0,0.0159286,275,OPT
6,spread,4,0.8,2,cal_n10_rdd0.3_M2_s1103,10,2,80.7496,1,0,0.0163392,275,OPT
7,spread,4,0.8,4,cal_n10_rdd0.3_M2_s1103,10,2,80.7496,1,0,0.0158433,275,OPT
8,spread,4,0.8,8,cal_n10_rdd0.3_M2_s1103,10,2,80.7496,1,0,0.0161928,275,OPT
9,spread,8,0.3,2,cal_n10_rdd0.3_M2_s1103,10,2,80.7496,1,0,0.017525,287,OPT
10,spread,8,0.3,4,cal_n10_rdd0.3_M2_s1103,10,2,80.7496,1,0,0.0161978,287,OPT
11,spread,8,0.3,8,cal_n10_rdd0.3_M2_s1103,10,2,80.7496,1,0,0.0163156,287,OPT
12,spread,8,0.5,2,cal_n10_rdd0.3_M2_s1103,10,2,80.7496,1,0,0.0167113,287,OPT
13,spread,8,0.5,4,cal_n10_rdd0.3_M2_s1103,10,2,80.7496,1,0,0.0165148,287,OPT
14,spread,8,0.5,8,cal_n10_rdd0.3_M2_s1103,10,2,80.7496,1,0,0.0164664,287,OPT
15,spread,8,0.8,2,cal_n10_rdd0.3_M2_s1103,10,2,80.7496,1,0,0.0173957,287,OPT
16,spread,8,0.8,4,cal_n10_rdd0.3_M2_s1103,10,2,80.7496,1,0,0.0158747,287,OPT
17,spread,8,0.8,8,cal_n10_rdd0.3_M2_s1103,10,2,80.7496,1,0,0.0159444,287,OPT
18,spread,16,0.3,2,cal_n10_rdd0.3_M2_s1103,10,2,80.7496,1,0,0.0167483,287,OPT
19,spread,16,0.3,4,cal_n10_rdd0.3_M2_s1103,10,2,80.7496,1,0,0.0160607,287,OPT
20,spread,16,0.3,8,cal_n10_rdd0.3_M2_s1103,10,2,80.7496,1,0,0.0165986,287,OPT
21,spread,16,0.5,2,cal_n10_rdd0.3_M2_s1103,10,2,80.7496,1,0,0.0173107,287,OPT
22,spread,16,0.5,4,cal_n10_rdd0.3_M2_s1103,10,2,80.7496,1,0,0.016452,287,OPT
23,spread,16,0.5,8,cal_n10_rdd0.3_M2_s1103,10,2,80.7496,1,0,0.0161146,287,OPT
24,spread,16,0.8,2,cal_n10_rdd0.3_M2_s1103,10,2,80.7496,1,0,0.0167428,287,OPT
25,spread,16,0.8,4,cal_n10_rdd0.3_M2_s1103,10,2,80.7496,1,0,0.0159598,287,OPT
26,spread,16,0.8,8,cal_n10_rdd0.3_M2_s1103,10,2,80.7496,1,0,0.015688,287,OPT
27,min,4,0.3,2,cal_n10_rdd0.3_M2_s1103,10,2,80.7496,1,0,0.0167306,285,OPT
28,min,4,0.3,4,cal_n10_rdd0.3_M2_s1103,10,2,80.7496,1,0,0.0162973,285,OPT
29,min,4,0.3,8,cal_n10_rdd0.3_M2_s1103,10,2,80.7496,1,0,0.0163171,285,OPT
30,min,4,0.5,2,cal_n10_rdd0.3_M2_s1103,10,2,80.7496,1,0,0.016685,285,OPT
31,min,4,0.5,4,cal_n10_rdd0.3_M2_s1103,10,2,80.7496,1,0,0.0161628,285,OPT
32,min,4,0.5,8,cal_n10_rdd0.3_M2_s1103,10,2,80.7496,1,0,0.0157967,285,OPT
33,min,4,0.8,2,cal_n10_rdd0.3_M2_s1103,10,2,80.7496,1,0,0.0164472,285,OPT
34,min,4,0.8,4,cal_n10_rdd0.3_M2_s1103,10,2,80.7496,1,0,0.015976,285,OPT
35,min,4,0.8,8,cal_n10_rdd0.3_M2_s1103,10,2,80.7496,1,0,0.0162523,285,OPT
36,min,8,0.3,2,cal_n10_rdd0.3_M2_s1103,10,2,80.7496,1,0,0.0168067,283,OPT
37,min,8,0.3,4,cal_n10_rdd0.3_M2_s1103,10,2,80.7496,1,0,0.0166457,283,OPT
38,min,8,0.3,8,cal_n10_rdd0.3_M2_s1103,10,2,80.7496,1,0,0.0162312,283,OPT
39,min,8,0.5,2,cal_n10_rdd0.3_M2_s1103,10,2,80.7496,1,0,0.0163635,283,OPT
40,min,8,0.5,4,cal_n10_rdd0.3_M2_s1103,10,2,80.7496,1,0,0.0161041,283,OPT
41,min,8,0.5,8,cal_n10_rdd0.3_M2_s1103,10,2,80.7496,1,0,0.0163982,283,OPT
42,min,8,0.8,2,cal_n10_rdd0.3_M2_s1103,10,2,80.7496,1,0,0.0173429,283,OPT
43,min,8,0.8,4,cal_n10_rdd0.3_M2_s1103,10,2,80.7496,1,0,0.0161367,283,OPT
44,min,8,0.8,8,cal_n10_rdd0.3_M2_s1103,10,2,80.7496,1,0,0.0164247,283,OPT
45,min,16,0.3,2,cal_n10_rdd0.3_M2_s1103,10,2,80.7496,1,0,0.0167424,283,OPT
46,min,16,0.3,4,cal_n10_rdd0.3_M2_s1103,10,2,80.7496,1,0,0.015986,283,OPT
47,min,16,0.3,8,cal_n10_rdd0.3_M2_s1103,10,2,80.7496,1,0,0.0163966,283,OPT
48,min,16,0.5,2,cal_n10_rdd0.3_M2_s1103,10,2,80.7496,1,0,0.0165226,283,OPT
49,min,16,0.5,4,cal_n10_rdd0.3_M2_s1103,10,2,80.7496,1,0,0.0163273,283,OPT
50,min,16,0.5,8,cal_n10_rdd0.3_M2_s1103,10,2,80.7496,1,0,0.0158198,283,OPT
51,min,16,0.8,2,cal_n10_rdd0.3_M2_s1103,10,2,80.7496,1,0,0.0167807,283,OPT
52,min,16,0.8,4,cal_n10_rdd0.3_M2_s1103,10,2,80.7496,1,0,0.016401,283,OPT
53,min,16,0.8,8,cal_n10_rdd0.3_M2_s1103,10,2,80.7496,1,0,0.015923,283,OPT
54,sum,4,0.3,2,cal_n10_rdd0.3_M2_s1103,10,2,80.7496,1,0,0.0163036,253,OPT
55,sum,4,0.3,4,cal_n10_rdd0.3_M2_s1103,10,2,80.7496,1,0,0.0161497,253,OPT
56,sum,4,0.3,8,cal_n10_rdd0.3_M2_s1103,10,2,80.7496,1,0,0.0160678,253,OPT
57,sum,4,0.5,2,cal_n10_rdd0.3_M2_s1103,10,2,80.7496,1,0,0.0166247,253,OPT
58,sum,4,0.5,4,cal_n10_rdd0.3_M2_s1103,10,2,80.7496,1,0,0.016111,253,OPT
59,sum,4,0.5,8,cal_n10_rdd0.3_M2_s1103,10,2,80.7496,1,0,0.015946,253,OPT
60,sum,4,0.8,2,cal_n10_rdd0.3_M2_s1103,10,2,80.7496,1,0,0.0167922,253,OPT
61,sum,4,0.8,4,cal_n10_rdd0.3_M2_s1103,10,2,80.7496,1,0,0.0159692,253,OPT
62,sum,4,0.8,8,cal_n10_rdd0.3_M2_s1103,10,2,80.7496,1,0,0.0159074,253,OPT
63,sum,8,0.3,2,cal_n10_rdd0.3_M2_s1103,10,2,80.7496,1,0,0.0164385,250,OPT
64,sum,8,0.3,4,cal_n10_rdd0.3_M2_s1103,10,2,80.7496,1,0,0.0166203,250,OPT
65,sum,8,0.3,8,cal_n10_rdd0.3_M2_s1103,10,2,80.7496,1,0,0.0157693,250,OPT
66,sum,8,0.5,2,cal_n10_rdd0.3_M2_s1103,10,2,80.7496,1,0,0.0164658,250,OPT
67,sum,8,0.5,4,cal_n10_rdd0.3_M2_s1103,10,2,80.7496,1,0,0.0159235,250,OPT
68,sum,8,0.5,8,cal_n10_rdd0.3_M2_s1103,10,2,80.7496,1,0,0.0163328,250,OPT
69,sum,8,0.8,2,cal_n10_rdd0.3_M2_s1103,10,2,80.7496,1,0,0.0164653,250,OPT
70,sum,8,0.8,4,cal_n10_rdd0.3_M2_s1103,10,2,80.7496,1,0,0.015957,250,OPT
71,sum,8,0.8,8,cal_n10_rdd0.3_M2_s1103,10,2,80.7496,1,0,0.0159161,250,OPT
72,sum,16,0.3,2,cal_n10_rdd0.3_M2_s1103,10,2,80.7496,1,0,0.0164983,250,OPT
73,sum,16,0.3,4,cal_n10_rdd0.3_M2_s1103,10,2,80.7496,1,0,0.0161461,250,OPT
74,sum,16,0.3,8,cal_n10_rdd0.3_M2_s1103,10,2,80.7496,1,0,0.0158443,250,OPT
75,sum,16,0.5,2,cal_n10_rdd0.3_M2_s1103,10,2,80.7496,1,0,0.0166063,250,OPT
76,sum,16,0.5,4,cal_n10_rdd0.3_M2_s1103,10,2,80.7496,1,0,0.0156002,250,OPT
77,sum,16,0.5,8,cal_n10_rdd0.3_M2_s1103,10,2,80.7496,1,0,0.016132,250,OPT
78,sum,16,0.8,2,cal_n10_rdd0.3_M2_s1103,10,2,80.7496,1,0,0.0165712,250,OPT
79,sum,16,0.8,4,cal_n10_rdd0.3_M2_s1103,10,2,80.7496,1,0,0.0158198,250,OPT
80,sum,16,0.8,8,cal_n10_rdd0.3_M2_s1103,10,2,80.7496,1,0,0.0161972,250,OPT
0,spread,4,0.3,2,cal_n10_rdd0.6_M3_s1106,10,3,79.715,1,0,0.0284255,2532,OPT
1,spread,4,0.3,4,cal_n10_rdd0.6_M3_s1106,10,3,79.715,1,0,0.0284666,2571,OPT
2,spread,4,0.3,8,cal_n10_rdd0.6_M3_s1106,10,3,79.715,1,0,0.0290195,2571,OPT
3,spread,4,0.5,2,cal_n10_rdd0.6_M3_s1106,10,3,79.715,1,0,0.0285015,2532,OPT
4,spread,4,0.5,4,cal_n10_rdd0.6_M3_s1106,10,3,79.715,1,0,0.0281277,2571,OPT
5,spread,4,0.5,8,cal_n10_rdd0.6_M3_s1106,10,3,79.715,1,0,0.0284168,2571,OPT
6,spread,4,0.8,2,cal_n10_rdd0.6_M3_s1106,10,3,79.715,1,0,0.0280476,2532,OPT
7,spread,4,0.8,4,cal_n10_rdd0.6_M3_s1106,10,3,79.715,1,0,0.0283179,2571,OPT
8,spread,4,0.8,8,cal_n10_rdd0.6_M3_s1106,10,3,79.715,1,0,0.0286876,2571,OPT
9,spread,8,0.3,2,cal_n10_rdd0.6_M3_s1106,10,3,79.715,1,0,0.0295249,2520,OPT
10,spread,8,0.3,4,cal_n10_rdd0.6_M3_s1106,10,3,79.715,1,0,0.0285226,2544,OPT
11,spread,8,0.3,8,cal_n10_rdd0.6_M3_s1106,10,3,79.715,1,0,0.0281397,2544,OPT
12,spread,8,0.5,2,cal_n10_rdd0.6_M3_s1106,10,3,79.715,1,0,0.0303084,2520,OPT
13,spread,8,0.5,4,cal_n10_rdd0.6_M3_s1106,10,3,79.715,1,0,0.0284872,2544,OPT
14,spread,8,0.5,8,cal_n10_rdd0.6_M3_s1106,10,3,79.715,1,0,0.028541,2544,OPT
15,spread,8,0.8,2,cal_n10_rdd0.6_M3_s1106,10,3,79.715,1,0,0.029518,2520,OPT
16,spread,8,0.8,4,cal_n10_rdd0.6_M3_s1106,10,3,79.715,1,0,0.0283278,2544,OPT
17,spread,8,0.8,8,cal_n10_rdd0.6_M3_s1106,10,3,79.715,1,0,0.0281644,2544,OPT
18,spread,16,0.3,2,cal_n10_rdd0.6_M3_s1106,10,3,79.715,1,0,0.0297155,2520,OPT
19,spread,16,0.3,4,cal_n10_rdd0.6_M3_s1106,10,3,79.715,1,0,0.0282389,2544,OPT
20,spread,16,0.3,8,cal_n10_rdd0.6_M3_s1106,10,3,79.715,1,0,0.0282387,2544,OPT
21,spread,16,0.5,2,cal_n10_rdd0.6_M3_s1106,10,3,79.715,1,0,0.029876,2520,OPT
22,spread,16,0.5,4,cal_n10_rdd0.6_M3_s1106,10,3,79.715,1,0,0.028146,2544,OPT
23,spread,16,0.5,8,cal_n10_rdd0.6_M3_s1106,10,3,79.715,1,0,0.0281731,2544,OPT
24,spread,16,0.8,2,cal_n10_rdd0.6_M3_s1106,10,3,79.715,1,0,0.0298673,2520,OPT
25,spread,16,0.8,4,cal_n10_rdd0.6_M3_s1106,10,3,79.715,1,0,0.0288072,2544,OPT
26,spread,16,0.8,8,cal_n10_rdd0.6_M3_s1106,10,3,79.715,1,0,0.0284845,2544,OPT
27,min,4,0.3,2,cal_n10_rdd0.6_M3_s1106,10,3,79.715,1,0,0.0287753,2698,OPT
28,min,4,0.3,4,cal_n10_rdd0.6_M3_s1106,10,3,79.715,1,0,0.0293232,2748,OPT
29,min,4,0.3,8,cal_n10_rdd0.6_M3_s1106,10,3,79.715,1,0,0.0297667,2748,OPT
30,min,4,0.5,2,cal_n10_rdd0.6_M3_s1106,10,3,79.715,1,0,0.0293571,2698,OPT
31,min,4,0.5,4,cal_n10_rdd0.6_M3_s1106,10,3,79.715,1,0,0.0299432,2748,OPT
32,min,4,0.5,8,cal_n10_rdd0.6_M3_s1106,10,3,79.715,1,0,0.0320683,2748,OPT
33,min,4,0.8,2,cal_n10_rdd0.6_M3_s1106,10,3,79.715,1,0,0.0294604,2698,OPT
34,min,4,0.8,4,cal_n10_rdd0.6_M3_s1106,10,3,79.715,1,0,0.0295613,2748,OPT
35,min,4,0.8,8,cal_n10_rdd0.6_M3_s1106,10,3,79.715,1,0,0.0299158,2748,OPT
36,min,8,0.3,2,cal_n10_rdd0.6_M3_s1106,10,3,79.715,1,0,0.0305213,2698,OPT
37,min,8,0.3,4,cal_n10_rdd0.6_M3_s1106,10,3,79.715,1,0,0.0298152,2748,OPT
38,min,8,0.3,8,cal_n10_rdd0.6_M3_s1106,10,3,79.715,1,0,0.0297785,2748,OPT
39,min,8,0.5,2,cal_n10_rdd0.6_M3_s1106,10,3,79.715,1,0,0.0305006,2698,OPT
40,min,8,0.5,4,cal_n10_rdd0.6_M3_s1106,10,3,79.715,1,0,0.0296758,2748,OPT
41,min,8,0.5,8,cal_n10_rdd0.6_M3_s1106,10,3,79.715,1,0,0.0297698,2748,OPT
42,min,8,0.8,2,cal_n10_rdd0.6_M3_s1106,10,3,79.715,1,0,0.0309362,2698,OPT
43,min,8,0.8,4,cal_n10_rdd0.6_M3_s1106,10,3,79.715,1,0,0.0296703,2748,OPT
44,min,8,0.8,8,cal_n10_rdd0.6_M3_s1106,10,3,79.715,1,0,0.0300579,2748,OPT
45,min,16,0.3,2,cal_n10_rdd0.6_M3_s1106,10,3,79.715,1,0,0.0318518,2698,OPT
46,min,16,0.3,4,cal_n10_rdd0.6_M3_s1106,10,3,79.715,1,0,0.0307899,2748,OPT
47,min,16,0.3,8,cal_n10_rdd0.6_M3_s1106,10,3,79.715,1,0,0.0311385,2748,OPT
48,min,16,0.5,2,cal_n10_rdd0.6_M3_s1106,10,3,79.715,1,0,0.0316474,2698,OPT
49,min,16,0.5,4,cal_n10_rdd0.6_M3_s1106,10,3,79.715,1,0,0.0301337,2748,OPT
50,min,16,0.5,8,cal_n10_rdd0.6_M3_s1106,10,3,79.715,1,0,0.0292239,2748,OPT
51,min,16,0.8,2,cal_n10_rdd0.6_M3_s1106,10,3,79.715,1,0,0.0300517,2698,OPT
52,min,16,0.8,4,cal_n10_rdd0.6_M3_s1106,10,3,79.715,1,0,0.0294543,2748,OPT
53,min,16,0.8,8,cal_n10_rdd0.6_M3_s1106,10,3,79.715,1,0,0.0299602,2748,OPT
54,sum,4,0.3,2,cal_n10_rdd0.6_M3_s1106,10,3,79.715,1,0,0.0248339,2029,OPT
55,sum,4,0.3,4,cal_n10_rdd0.6_M3_s1106,10,3,79.715,1,0,0.023909,2058,OPT
56,sum,4,0.3,8,cal_n10_rdd0.6_M3_s1106,10,3,79.715,1,0,0.0245424,2058,OPT
57,sum,4,0.5,2,cal_n10_rdd0.6_M3_s1106,10,3,79.715,1,0,0.0246105,2029,OPT
58,sum,4,0.5,4,cal_n10_rdd0.6_M3_s1106,10,3,79.715,1,0,0.0253674,2058,OPT
59,sum,4,0.5,8,cal_n10_rdd0.6_M3_s1106,10,3,79.715,1,0,0.0255902,2058,OPT
60,sum,4,0.8,2,cal_n10_rdd0.6_M3_s1106,10,3,79.715,1,0,0.0261278,2029,OPT
61,sum,4,0.8,4,cal_n10_rdd0.6_M3_s1106,10,3,79.715,1,0,0.0257259,2058,OPT
62,sum,4,0.8,8,cal_n10_rdd0.6_M3_s1106,10,3,79.715,1,0,0.025691,2058,OPT
63,sum,8,0.3,2,cal_n10_rdd0.6_M3_s1106,10,3,79.715,1,0,0.0246617,1928,OPT
64,sum,8,0.3,4,cal_n10_rdd0.6_M3_s1106,10,3,79.715,1,0,0.0240387,1978,OPT
65,sum,8,0.3,8,cal_n10_rdd0.6_M3_s1106,10,3,79.715,1,0,0.0236421,1978,OPT
66,sum,8,0.5,2,cal_n10_rdd0.6_M3_s1106,10,3,79.715,1,0,0.0236209,1928,OPT
67,sum,8,0.5,4,cal_n10_rdd0.6_M3_s1106,10,3,79.715,1,0,0.0236286,1978,OPT
68,sum,8,0.5,8,cal_n10_rdd0.6_M3_s1106,10,3,79.715,1,0,0.0239219,1978,OPT
69,sum,8,0.8,2,cal_n10_rdd0.6_M3_s1106,10,3,79.715,1,0,0.0234639,1928,OPT
70,sum,8,0.8,4,cal_n10_rdd0.6_M3_s1106,10,3,79.715,1,0,0.0234405,1978,OPT
71,sum,8,0.8,8,cal_n10_rdd0.6_M3_s1106,10,3,79.715,1,0,0.0235631,1978,OPT
72,sum,16,0.3,2,cal_n10_rdd0.6_M3_s1106,10,3,79.715,1,0,0.0239698,1928,OPT
73,sum,16,0.3,4,cal_n10_rdd0.6_M3_s1106,10,3,79.715,1,0,0.0235058,1978,OPT
74,sum,16,0.3,8,cal_n10_rdd0.6_M3_s1106,10,3,79.715,1,0,0.0235562,1978,OPT
75,sum,16,0.5,2,cal_n10_rdd0.6_M3_s1106,10,3,79.715,1,0,0.0233921,1928,OPT
76,sum,16,0.5,4,cal_n10_rdd0.6_M3_s1106,10,3,79.715,1,0,0.023582,1978,OPT
77,sum,16,0.5,8,cal_n10_rdd0.6_M3_s1106,10,3,79.715,1,0,0.0238417,1978,OPT
78,sum,16,0.8,2,cal_n10_rdd0.6_M3_s1106,10,3,79.715,1,0,0.0235799,1928,OPT
79,sum,16,0.8,4,cal_n10_rdd0.6_M3_s1106,10,3,79.715,1,0,0.0234694,1978,OPT
80,sum,16,0.8,8,cal_n10_rdd0.6_M3_s1106,10,3,79.715,1,0,0.0239102,1978,OPT
0,spread,4,0.3,2,cal_n15_rdd0.3_M4_s1153,15,4,29.2222,1,0,0.0180118,1,OPT
1,spread,4,0.3,4,cal_n15_rdd0.3_M4_s1153,15,4,29.2222,1,0,0.0179199,1,OPT
2,spread,4,0.3,8,cal_n15_rdd0.3_M4_s1153,15,4,29.2222,1,0,0.0185499,1,OPT
3,spread,4,0.5,2,cal_n15_rdd0.3_M4_s1153,15,4,29.2222,1,0,0.0185099,1,OPT
4,spread,4,0.5,4,cal_n15_rdd0.3_M4_s1153,15,4,29.2222,1,0,0.0182428,1,OPT
5,spread,4,0.5,8,cal_n15_rdd0.3_M4_s1153,15,4,29.2222,1,0,0.0185705,1,OPT
6,spread,4,0.8,2,cal_n15_rdd0.3_M4_s1153,15,4,29.2222,1,0,0.0182382,1,OPT
7,spread,4,0.8,4,cal_n15_rdd0.3_M4_s1153,15,4,29.2222,1,0,0.0180279,1,OPT
8,spread,4,0.8,8,cal_n15_rdd0.3_M4_s1153,15,4,29.2222,1,0,0.0180912,1,OPT
9,spread,8,0.3,2,cal_n15_rdd0.3_M4_s1153,15,4,29.2222,1,0,0.0179276,1,OPT
10,spread,8,0.3,4,cal_n15_rdd0.3_M4_s1153,15,4,29.2222,1,0,0.0173502,1,OPT
11,spread,8,0.3,8,cal_n15_rdd0.3_M4_s1153,15,4,29.2222,1,0,0.0171246,1,OPT
12,spread,8,0.5,2,cal_n15_rdd0.3_M4_s1153,15,4,29.2222,1,0,0.0170446,1,OPT
13,spread,8,0.5,4,cal_n15_rdd0.3_M4_s1153,15,4,29.2222,1,0,0.0172185,1,OPT
14,spread,8,0.5,8,cal_n15_rdd0.3_M4_s1153,15,4,29.2222,1,0,0.0175635,1,OPT
15,spread,8,0.8,2,cal_n15_rdd0.3_M4_s1153,15,4,29.2222,1,0,0.0173223,1,OPT
16,spread,8,0.8,4,cal_n15_rdd0.3_M4_s1153,15,4,29.2222,1,0,0.0172938,1,OPT
17,spread,8,0.8,8,cal_n15_rdd0.3_M4_s1153,15,4,29.2222,1,0,0.0172959,1,OPT
18,spread,16,0.3,2,cal_n15_rdd0.3_M4_s1153,15,4,29.2222,1,0,0.0176936,1,OPT
19,spread,16,0.3,4,cal_n15_rdd0.3_M4_s1153,15,4,29.2222,1,0,0.017228,1,OPT
20,spread,16,0.3,8,cal_n15_rdd0.3_M4_s1153,15,4,29.2222,1,0,0.0175339,1,OPT
21,spread,16,0.5,2,cal_n15_rdd0.3_M4_s1153,15,4,29.2222,1,0,0.0170388,1,OPT
22,spread,16,0.5,4,cal_n15_rdd0.3_M4_s1153,15,4,29.2222,1,0,0.0169773,1,OPT
23,spread,16,0.5,8,cal_n15_rdd0.3_M4_s1153,15,4,29.2222,1,0,0.0170442,1,OPT
24,spread,16,0.8,2,cal_n15_rdd0.3_M4_s1153,15,4,29.2222,1,0,0.0172561,1,OPT
25,spread,16,0.8,4,cal_n15_rdd0.3_M4_s1153,15,4,29.2222,1,0,0.0173672,1,OPT
26,spread,16,0.8,8,cal_n15_rdd0.3_M4_s1153,15,4,29.2222,1,0,0.0172968,1,OPT
27,min,4,0.3,2,cal_n15_rdd0.3_M4_s1153,15,4,29.2222,1,0,0.0173654,1,OPT
28,min,4,0.3,4,cal_n15_rdd0.3_M4_s1153,15,4,29.2222,1,0,0.0177888,1,OPT
29,min,4,0.3,8,cal_n15_rdd0.3_M4_s1153,15,4,29.2222,1,0,0.0177998,1,OPT
30,min,4,0.5,2,cal_n15_rdd0.3_M4_s1153,15,4,29.2222,1,0,0.0176082,1,OPT
31,min,4,0.5,4,cal_n15_rdd0.3_M4_s1153,15,4,29.2222,1,0,0.0169719,1,OPT
32,min,4,0.5,8,cal_n15_rdd0.3_M4_s1153,15,4,29.2222,1,0,0.017516,1,OPT
33,min,4,0.8,2,cal_n15_rdd0.3_M4_s1153,15,4,29.2222,1,0,0.0176821,1,OPT
34,min,4,0.8,4,cal_n15_rdd0.3_M4_s1153,15,4,29.2222,1,0,0.0177067,1,OPT
35,min,4,0.8,8,cal_n15_rdd0.3_M4_s1153,15,4,29.2222,1,0,0.0174853,1,OPT
36,min,8,0.3,2,cal_n15_rdd0.3_M4_s1153,15,4,29.2222,1,0,0.0171698,1,OPT
37,min,8,0.3,4,cal_n15_rdd0.3_M4_s1153,15,4,29.2222,1,0,0.0178126,1,OPT
38,min,8,0.3,8,cal_n15_rdd0.3_M4_s1153,15,4,29.2222,1,0,0.017911,1,OPT
39,min,8,0.5,2,cal_n15_rdd0.3_M4_s1153,15,4,29.2222,1,0,0.0173911,1,OPT
40,min,8,0.5,4,cal_n15_rdd0.3_M4_s1153,15,4,29.2222,1,0,0.0170563,1,OPT
41,min,8,0.5,8,cal_n15_rdd0.3_M4_s1153,15,4,29.2222,1,0,0.017736,1,OPT
42,min,8,0.8,2,cal_n15_rdd0.3_M4_s1153,15,4,29.2222,1,0,0.0181804,1,OPT
43,min,8,0.8,4,cal_n15_rdd0.3_M4_s1153,15,4,29.2222,1,0,0.0183138,1,OPT
44,min,8,0.8,8,cal_n15_rdd0.3_M4_s1153,15,4,29.2222,1,0,0.0182945,1,OPT
45,min,16,0.3,2,cal_n15_rdd0.3_M4_s1153,15,4,29.2222,1,0,0.0183998,1,OPT
46,min,16,0.3,4,cal_n15_rdd0.3_M4_s1153,15,4,29.2222,1,0,0.0183632,1,OPT
47,min,16,0.3,8,cal_n15_rdd0.3_M4_s1153,15,4,29.2222,1,0,0.0182407,1,OPT
48,min,16,0.5,2,cal_n15_rdd0.3_M4_s1153,15,4,29.2222,1,0,0.0177254,1,OPT
49,min,16,0.5,4,cal_n15_rdd0.3_M4_s1153,15,4,29.2222,1,0,0.0175553,1,OPT
50,min,16,0.5,8,cal_n15_rdd0.3_M4_s1153,15,4,29.2222,1,0,0.0172749,1,OPT
51,min,16,0.8,2,cal_n15_rdd0.3_M4_s1153,15,4,29.2222,1,0,0.0176652,1,OPT
52,min,16,0.8,4,cal_n15_rdd0.3_M4_s1153,15,4,29.2222,1,0,0.0176332,1,OPT
53,min,16,0.8,8,cal_n15_rdd0.3_M4_s1153,15,4,29.2222,1,0,0.0177919,1,OPT
54,sum,4,0.3,2,cal_n15_rdd0.3_M4_s1153,15,4,29.2222,1,0,0.0179288,1,OPT
55,sum,4,0.3,4,cal_n15_rdd0.3_M4_s1153,15,4,29.2222,1,0,0.0179697,1,OPT
56,sum,4,0.3,8,cal_n15_rdd0.3_M4_s1153,15,4,29.2222,1,0,0.0182245,1,OPT
57,sum,4,0.5,2,cal_n15_rdd0.3_M4_s1153,15,4,29.2222,1,0,0.0176645,1,OPT
58,sum,4,0.5,4,cal_n15_rdd0.3_M4_s1153,15,4,29.2222,1,0,0.0175547,1,OPT
59,sum,4,0.5,8,cal_n15_rdd0.3_M4_s1153,15,4,29.2222,1,0,0.0176041,1,OPT
60,sum,4,0.8,2,cal_n15_rdd0.3_M4_s1153,15,4,29.2222,1,0,0.017141,1,OPT
61,sum,4,0.8,4,cal_n15_rdd0.3_M4_s1153,15,4,29.2222,1,0,0.0183066,1,OPT
62,sum,4,0.8,8,cal_n15_rdd0.3_M4_s1153,15,4,29.2222,1,0,0.0186344,1,OPT
63,sum,8,0.3,2,cal_n15_rdd0.3_M4_s1153,15,4,29.2222,1,0,0.0184815,1,OPT
64,sum,8,0.3,4,cal_n15_rdd0.3_M4_s1153,15,4,29.2222,1,0,0.0184266,1,OPT
65,sum,8,0.3,8,cal_n15_rdd0.3_M4_s1153,15,4,29.2222,1,0,0.0182785,1,OPT
66,sum,8,0.5,2,cal_n15_rdd0.3_M4_s1153,15,4,29.2222,1,0,0.0181316,1,OPT
67,sum,8,0.5,4,cal_n15_rdd0.3_M4_s1153,15,4,29.2222,1,0,0.018105,1,OPT
68,sum,8,0.5,8,cal_n15_rdd0.3_M4_s1153,15,4,29.2222,1,0,0.0177889,1,OPT
69,sum,8,0.8,2,cal_n15_rdd0.3_M4_s1153,15,4,29.2222,1,0,0.0173287,1,OPT
70,sum,8,0.8,4,cal_n15_rdd0.3_M4_s1153,15,4,29.2222,1,0,0.0177802,1,OPT
71,sum,8,0.8,8,cal_n15_rdd0.3_M4_s1153,15,4,29.2222,1,0,0.0175177,1,OPT
72,sum,16,0.3,2,cal_n15_rdd0.3_M4_s1153,15,4,29.2222,1,0,0.0181,1,OPT
73,sum,16,0.3,4,cal_n15_rdd0.3_M4_s1153,15,4,29.2222,1,0,0.0179184,1,OPT
74,sum,16,0.3,8,cal_n15_rdd0.3_M4_s1153,15,4,29.2222,1,0,0.0177012,1,OPT
75,sum,16,0.5,2,cal_n15_rdd0.3_M4_s1153,15,4,29.2222,1,0,0.017536,1,OPT
76,sum,16,0.5,4,cal_n15_rdd0.3_M4_s1153,15,4,29.2222,1,0,0.0171633,1,OPT
77,sum,16,0.5,8,cal_n15_rdd0.3_M4_s1153,15,4,29.2222,1,0,0.0175404,1,OPT
78,sum,16,0.8,2,cal_n15_rdd0.3_M4_s1153,15,4,29.2222,1,0,0.0172962,1,OPT
79,sum,16,0.8,4,cal_n15_rdd0.3_M4_s1153,15,4,29.2222,1,0,0.0171657,1,OPT
80,sum,16,0.8,8,cal_n15_rdd0.3_M4_s1153,15,4,29.2222,1,0,0.0177943,1,OPT
0,spread,4,0.3,2,cal_n15_rdd0.6_M2_s1156,15,2,125.823,1,0,7.19095,26074,OPT
1,spread,4,0.3,4,cal_n15_rdd0.6_M2_s1156,15,2,125.823,1,0,6.55538,26069,OPT
2,spread,4,0.3,8,cal_n15_rdd0.6_M2_s1156,15,2,125.823,1,0,6.6116,26069,OPT
3,spread,4,0.5,2,cal_n15_rdd0.6_M2_s1156,15,2,125.823,1,0,6.98647,26074,OPT
4,spread,4,0.5,4,cal_n15_rdd0.6_M2_s1156,15,2,125.823,1,0,9.36619,26069,OPT
5,spread,4,0.5,8,cal_n15_rdd0.6_M2_s1156,15,2,125.823,1,0,9.20355,26069,OPT
6,spread,4,0.8,2,cal_n15_rdd0.6_M2_s1156,15,2,125.823,1,0,10.1568,26074,OPT
7,spread,4,0.8,4,cal_n15_rdd0.6_M2_s1156,15,2,125.823,1,0,9.18865,26069,OPT
8,spread,4,0.8,8,cal_n15_rdd0.6_M2_s1156,15,2,125.823,1,0,10.1712,26069,OPT
9,spread,8,0.3,2,cal_n15_rdd0.6_M2_s1156,15,2,125.823,1,0,10.5538,26912,OPT
10,spread,8,0.3,4,cal_n15_rdd0.6_M2_s1156,15,2,125.823,1,0,9.26822,26918,OPT
11,spread,8,0.3,8,cal_n15_rdd0.6_M2_s1156,15,2,125.823,1,0,9.32591,26918,OPT
12,spread,8,0.5,2,cal_n15_rdd0.6_M2_s1156,15,2,125.823,1,0,10.1358,26912,OPT
13,spread,8,0.5,4,cal_n15_rdd0.6_M2_s1156,15,2,125.823,1,0,9.22723,26918,OPT
14,spread,8,0.5,8,cal_n15_rdd0.6_M2_s1156,15,2,125.823,1,0,9.40889,26918,OPT
15,spread,8,0.8,2,cal_n15_rdd0.6_M2_s1156,15,2,125.823,1,0,10.0968,26912,OPT
16,spread,8,0.8,4,cal_n15_rdd0.6_M2_s1156,15,2,125.823,1,0,9.33118,26918,OPT
17,spread,8,0.8,8,cal_n15_rdd0.6_M2_s1156,15,2,125.823,1,0,9.32019,26918,OPT
18,spread,16,0.3,2,cal_n15_rdd0.6_M2_s1156,15,2,125.823,1,0,10.6889,27099,OPT
19,spread,16,0.3,4,cal_n15_rdd0.6_M2_s1156,15,2,125.823,1,0,9.68416,27103,OPT
20,spread,16,0.3,8,cal_n15_rdd0.6_M2_s1156,15,2,125.823,1,0,9.72575,27103,OPT
21,spread,16,0.5,2,cal_n15_rdd0.6_M2_s1156,15,2,125.823,1,0,10.5777,27099,OPT
22,spread,16,0.5,4,cal_n15_rdd0.6_M2_s1156,15,2,125.823,1,0,9.76782,27103,OPT
23,spread,16,0.5,8,cal_n15_rdd0.6_M2_s1156,15,2,125.823,1,0,9.64234,27103,OPT
24,spread,16,0.8,2,cal_n15_rdd0.6_M2_s1156,15,2,125.823,1,0,10.513,27099,OPT
25,spread,16,0.8,4,cal_n15_rdd0.6_M2_s1156,15,2,125.823,1,0,9.70436,27103,OPT
26,spread,16,0.8,8,cal_n15_rdd0.6_M2_s1156,15,2,125.823,1,0,9.71245,27103,OPT
27,min,4,0.3,2,cal_n15_rdd0.6_M2_s1156,15,2,125.823,1,0,11.1893,27205,OPT
28,min,4,0.3,4,cal_n15_rdd0.6_M2_s1156,15,2,125.823,1,0,10.0924,27245,OPT
29,min,4,0.3,8,cal_n15_rdd0.6_M2_s1156,15,2,125.823,1,0,10.0819,27245,OPT
30,min,4,0.5,2,cal_n15_rdd0.6_M2_s1156,15,2,125.823,1,0,11.1991,27205,OPT
31,min,4,0.5,4,cal_n15_rdd0.6_M2_s1156,15,2,125.823,1,0,9.97781,27245,OPT
32,min,4,0.5,8,cal_n15_rdd0.6_M2_s1156,15,2,125.823,1,0,10.2773,27245,OPT
33,min,4,0.8,2,cal_n15_rdd0.6_M2_s1156,15,2,125.823,1,0,11.2464,27205,OPT
34,min,4,0.8,4,cal_n15_rdd0.6_M2_s1156,15,2,125.823,1,0,10.0241,27245,OPT
35,min,4,0.8,8,cal_n15_rdd0.6_M2_s1156,15,2,125.823,1,0,10.0938,27245,OPT
36,min,8,0.3,2,cal_n15_rdd0.6_M2_s1156,15,2,125.823,1,0,10.9605,28045,OPT
37,min,8,0.3,4,cal_n15_rdd0.6_M2_s1156,15,2,125.823,1,0,9.87541,28062,OPT
38,min,8,0.3,8,cal_n15_rdd0.6_M2_s1156,15,2,125.823,1,0,9.8803,28062,OPT
39,min,8,0.5,2,cal_n15_rdd0.6_M2_s1156,15,2,125.823,1,0,11.1812,28045,OPT
40,min,8,0.5,4,cal_n15_rdd0.6_M2_s1156,15,2,125.823,1,0,9.78448,28062,OPT
41,min,8,0.5,8,cal_n15_rdd0.6_M2_s1156,15,2,125.823,1,0,9.90334,28062,OPT
42,min,8,0.8,2,cal_n15_rdd0.6_M2_s1156,15,2,125.823,1,0,10.9582,28045,OPT
43,min,8,0.8,4,cal_n15_rdd0.6_M2_s1156,15,2,125.823,1,0,9.90559,28062,OPT
44,min,8,0.8,8,cal_n15_rdd0.6_M2_s1156,15,2,125.823,1,0,9.82107,28062,OPT
45,min,16,0.3,2,cal_n15_rdd0.6_M2_s1156,15,2,125.823,1,0,12.0074,28347,OPT
46,min,16,0.3,4,cal_n15_rdd0.6_M2_s1156,15,2,125.823,1,0,10.6777,28374,OPT
47,min,16,0.3,8,cal_n15_rdd0.6_M2_s1156,15,2,125.823,1,0,10.887,28374,OPT
48,min,16,0.5,2,cal_n15_rdd0.6_M2_s1156,15,2,125.823,1,0,11.9713,28347,OPT
49,min,16,0.5,4,cal_n15_rdd0.6_M2_s1156,15,2,125.823,1,0,10.7756,28374,OPT
50,min,16,0.5,8,cal_n15_rdd0.6_M2_s1156,15,2,125.823,1,0,10.7847,28374,OPT
51,min,16,0.8,2,cal_n15_rdd0.6_M2_s1156,15,2,125.823,1,0,11.9034,28347,OPT
52,min,16,0.8,4,cal_n15_rdd0.6_M2_s1156,15,2,125.823,1,0,10.7051,28374,OPT
53,min,16,0.8,8,cal_n15_rdd0.6_M2_s1156,15,2,125.823,1,0,10.8857,28374,OPT
54,sum,4,0.3,2,cal_n15_rdd0.6_M2_s1156,15,2,125.823,1,0,9.85057,26617,OPT
55,sum,4,0.3,4,cal_n15_rdd0.6_M2_s1156,15,2,125.823,1,0,8.91029,26617,OPT
56,sum,4,0.3,8,cal_n15_rdd0.6_M2_s1156,15,2,125.823,1,0,8.89013,26617,OPT
57,sum,4,0.5,2,cal_n15_rdd0.6_M2_s1156,15,2,125.823,1,0,9.69777,26617,OPT
58,sum,4,0.5,4,cal_n15_rdd0.6_M2_s1156,15,2,125.823,1,0,8.99216,26617,OPT
59,sum,4,0.5,8,cal_n15_rdd0.6_M2_s1156,15,2,125.823,1,0,8.93563,26617,OPT
60,sum,4,0.8,2,cal_n15_rdd0.6_M2_s1156,15,2,125.823,1,0,10.5394,26617,OPT
61,sum,4,0.8,4,cal_n15_rdd0.6_M2_s1156,15,2,125.823,1,0,9.02993,26617,OPT
62,sum,4,0.8,8,cal_n15_rdd0.6_M2_s1156,15,2,125.823,1,0,8.9119,26617,OPT
63,sum,8,0.3,2,cal_n15_rdd0.6_M2_s1156,15,2,125.823,1,0,9.68903,27232,OPT
64,sum,8,0.3,4,cal_n15_rdd0.6_M2_s1156,15,2,125.823,1,0,8.78694,27244,OPT
65,sum,8,0.3,8,cal_n15_rdd0.6_M2_s1156,15,2,125.823,1,0,8.84169,27244,OPT
66,sum,8,0.5,2,cal_n15_rdd0.6_M2_s1156,15,2,125.823,1,0,9.71186,27232,OPT
67,sum,8,0.5,4,cal_n15_rdd0.6_M2_s1156,15,2,125.823,1,0,8.86726,27244,OPT
68,sum,8,0.5,8,cal_n15_rdd0.6_M2_s1156,15,2,125.823,1,0,8.7958,27244,OPT
69,sum,8,0.8,2,cal_n15_rdd0.6_M2_s1156,15,2,125.823,1,0,9.72877,27232,OPT
70,sum,8,0.8,4,cal_n15_rdd0.6_M2_s1156,15,2,125.823,1,0,8.90538,27244,OPT
71,sum,8,0.8,8,cal_n15_rdd0.6_M2_s1156,15,2,125.823,1,0,8.80551,27244,OPT
72,sum,16,0.3,2,cal_n15_rdd0.6_M2_s1156,15,2,125.823,1,0,10.7523,27784,OPT
73,sum,16,0.3,4,cal_n15_rdd0.6_M2_s1156,15,2,125.823,1,0,9.83609,27813,OPT
74,sum,16,0.3,8,cal_n15_rdd0.6_M2_s1156,15,2,125.823,1,0,10.0127,27813,OPT
75,sum,16,0.5,2,cal_n15_rdd0.6_M2_s1156,15,2,125.823,1,0,10.8119,27784,OPT
76,sum,16,0.5,4,cal_n15_rdd0.6_M2_s1156,15,2,125.823,1,0,9.9296,27813,OPT
77,sum,16,0.5,8,cal_n15_rdd0.6_M2_s1156,15,2,125.823,1,0,9.83915,27813,OPT
78,sum,16,0.8,2,cal_n15_rdd0.6_M2_s1156,15,2,125.823,1,0,10.7587,27784,OPT
79,sum,16,0.8,4,cal_n15_rdd0.6_M2_s1156,15,2,125.823,1,0,9.98435,27813,OPT
80,sum,16,0.8,8,cal_n15_rdd0.6_M2_s1156,15,2,125.823,1,0,9.83882,27813,OPT
0,spread,4,0.3,2,cal_n20_rdd0.3_M3_s1203,20,3,98.2258,0,70.1545,300.001,339067,TL
1,spread,4,0.3,4,cal_n20_rdd0.3_M3_s1203,20,3,98.2258,0,70.1545,300.001,319737,TL
2,spread,4,0.3,8,cal_n20_rdd0.3_M3_s1203,20,3,98.2258,0,70.1545,300.002,317367,TL
3,spread,4,0.5,2,cal_n20_rdd0.3_M3_s1203,20,3,98.2258,0,70.1545,300.001,339970,TL
4,spread,4,0.5,4,cal_n20_rdd0.3_M3_s1203,20,3,98.2258,0,70.1545,300.005,319899,TL
5,spread,4,0.5,8,cal_n20_rdd0.3_M3_s1203,20,3,98.2258,0,70.1545,300.004,318202,TL
6,spread,4,0.8,2,cal_n20_rdd0.3_M3_s1203,20,3,98.2258,0,70.1545,300.001,340128,TL
7,spread,4,0.8,4,cal_n20_rdd0.3_M3_s1203,20,3,98.2258,0,70.1545,300.003,320339,TL
8,spread,4,0.8,8,cal_n20_rdd0.3_M3_s1203,20,3,98.2258,0,70.1545,300.003,317744,TL
9,spread,8,0.3,2,cal_n20_rdd0.3_M3_s1203,20,3,98.2258,0,70.1545,300.001,287329,TL
10,spread,8,0.3,4,cal_n20_rdd0.3_M3_s1203,20,3,98.2258,0,70.1545,300.001,258440,TL
11,spread,8,0.3,8,cal_n20_rdd0.3_M3_s1203,20,3,98.2258,0,70.1545,300.002,260868,TL
12,spread,8,0.5,2,cal_n20_rdd0.3_M3_s1203,20,3,98.2258,0,70.1545,300.002,283351,TL
13,spread,8,0.5,4,cal_n20_rdd0.3_M3_s1203,20,3,98.2258,0,70.1545,300.001,257423,TL
14,spread,8,0.5,8,cal_n20_rdd0.3_M3_s1203,20,3,98.2258,0,70.1545,300.002,261620,TL
15,spread,8,0.8,2,cal_n20_rdd0.3_M3_s1203,20,3,98.2258,0,70.1545,300.001,286328,TL
16,spread,8,0.8,4,cal_n20_rdd0.3_M3_s1203,20,3,98.2258,0,70.1545,300.004,260213,TL
17,spread,8,0.8,8,cal_n20_rdd0.3_M3_s1203,20,3,98.2258,0,70.1545,300.003,262719,TL
18,spread,16,0.3,2,cal_n20_rdd0.3_M3_s1203,20,3,98.2258,0,64.657,300.002,326173,TL
19,spread,16,0.3,4,cal_n20_rdd0.3_M3_s1203,20,3,98.2258,0,64.657,300.001,319410,TL
20,spread,16,0.3,8,cal_n20_rdd0.3_M3_s1203,20,3,98.2258,0,64.657,300.003,322549,TL
21,spread,16,0.5,2,cal_n20_rdd0.3_M3_s1203,20,3,98.2258,0,64.657,300.002,329341,TL
22,spread,16,0.5,4,cal_n20_rdd0.3_M3_s1203,20,3,98.2258,0,64.657,300.001,319852,TL
23,spread,16,0.5,8,cal_n20_rdd0.3_M3_s1203,20,3,98.2258,0,64.657,300.001,319646,TL
24,spread,16,0.8,2,cal_n20_rdd0.3_M3_s1203,20,3,98.2258,0,64.657,300.002,326594,TL
25,spread,16,0.8,4,cal_n20_rdd0.3_M3_s1203,20,3,98.2258,0,64.657,300.001,318974,TL
26,spread,16,0.8,8,cal_n20_rdd0.3_M3_s1203,20,3,98.2258,0,64.657,300.001,321836,TL
27,min,4,0.3,2,cal_n20_rdd0.3_M3_s1203,20,3,98.2258,0,70.1545,300.002,308095,TL
28,min,4,0.3,4,cal_n20_rdd0.3_M3_s1203,20,3,98.2258,0,70.1545,300.001,280224,TL
29,min,4,0.3,8,cal_n20_rdd0.3_M3_s1203,20,3,98.2258,0,70.1545,300.001,281356,TL
30,min,4,0.5,2,cal_n20_rdd0.3_M3_s1203,20,3,98.2258,0,70.1545,300.002,307863,TL
31,min,4,0.5,4,cal_n20_rdd0.3_M3_s1203,20,3,98.2258,0,70.1545,300.002,280805,TL
32,min,4,0.5,8,cal_n20_rdd0.3_M3_s1203,20,3,98.2258,0,70.1545,300.001,331707,TL
33,min,4,0.8,2,cal_n20_rdd0.3_M3_s1203,20,3,98.2258,0,70.1545,300.001,388656,TL
34,min,4,0.8,4,cal_n20_rdd0.3_M3_s1203,20,3,98.2258,0,70.1545,300.002,314486,TL
35,min,4,0.8,8,cal_n20_rdd0.3_M3_s1203,20,3,98.2258,0,70.1545,300.002,280671,TL
36,min,8,0.3,2,cal_n20_rdd0.3_M3_s1203,20,3,98.2258,0,70.1545,300.002,257932,TL
37,min,8,0.3,4,cal_n20_rdd0.3_M3_s1203,20,3,98.2258,0,70.1545,300.002,236330,TL
38,min,8,0.3,8,cal_n20_rdd0.3_M3_s1203,20,3,98.2258,0,70.1545,300.004,235893,TL
39,min,8,0.5,2,cal_n20_rdd0.3_M3_s1203,20,3,98.2258,0,70.1545,300.002,258461,TL
40,min,8,0.5,4,cal_n20_rdd0.3_M3_s1203,20,3,98.2258,0,70.1545,300.001,237737,TL
41,min,8,0.5,8,cal_n20_rdd0.3_M3_s1203,20,3,98.2258,0,70.1545,300.002,235567,TL
42,min,8,0.8,2,cal_n20_rdd0.3_M3_s1203,20,3,98.2258,0,70.1545,300.003,258541,TL
43,min,8,0.8,4,cal_n20_rdd0.3_M3_s1203,20,3,98.2258,0,70.1545,300.001,237072,TL
44,min,8,0.8,8,cal_n20_rdd0.3_M3_s1203,20,3,98.2258,0,70.1545,300.001,235700,TL
45,min,16,0.3,2,cal_n20_rdd0.3_M3_s1203,20,3,98.2258,0,64.657,300.003,243050,TL
46,min,16,0.3,4,cal_n20_rdd0.3_M3_s1203,20,3,98.2258,0,64.657,300.002,231680,TL
47,min,16,0.3,8,cal_n20_rdd0.3_M3_s1203,20,3,98.2258,0,64.657,300.001,230505,TL
48,min,16,0.5,2,cal_n20_rdd0.3_M3_s1203,20,3,98.2258,0,64.657,300.002,246507,TL
49,min,16,0.5,4,cal_n20_rdd0.3_M3_s1203,20,3,98.2258,0,64.657,300.002,231947,TL
50,min,16,0.5,8,cal_n20_rdd0.3_M3_s1203,20,3,98.2258,0,64.657,300.003,229723,TL
51,min,16,0.8,2,cal_n20_rdd0.3_M3_s1203,20,3,98.2258,0,64.657,300.002,246646,TL
52,min,16,0.8,4,cal_n20_rdd0.3_M3_s1203,20,3,98.2258,0,64.657,300.002,233240,TL
53,min,16,0.8,8,cal_n20_rdd0.3_M3_s1203,20,3,98.2258,0,64.657,300.001,230150,TL
54,sum,4,0.3,2,cal_n20_rdd0.3_M3_s1203,20,3,98.2258,0,70.1545,300.003,270241,TL
55,sum,4,0.3,4,cal_n20_rdd0.3_M3_s1203,20,3,98.2258,0,70.1545,300.002,256104,TL
56,sum,4,0.3,8,cal_n20_rdd0.3_M3_s1203,20,3,98.2258,0,70.1545,300.002,255141,TL
57,sum,4,0.5,2,cal_n20_rdd0.3_M3_s1203,20,3,98.2258,0,70.1545,300.002,278807,TL
58,sum,4,0.5,4,cal_n20_rdd0.3_M3_s1203,20,3,98.2258,0,70.1545,300.003,255840,TL
59,sum,4,0.5,8,cal_n20_rdd0.3_M3_s1203,20,3,98.2258,0,70.1545,300.004,255122,TL
60,sum,4,0.8,2,cal_n20_rdd0.3_M3_s1203,20,3,98.2258,0,70.1545,300.002,278015,TL
61,sum,4,0.8,4,cal_n20_rdd0.3_M3_s1203,20,3,98.2258,0,70.1545,300.002,254053,TL
62,sum,4,0.8,8,cal_n20_rdd0.3_M3_s1203,20,3,98.2258,0,70.1545,300.002,249241,TL
63,sum,8,0.3,2,cal_n20_rdd0.3_M3_s1203,20,3,98.2258,0,70.1545,300.001,231403,TL
64,sum,8,0.3,4,cal_n20_rdd0.3_M3_s1203,20,3,98.2258,0,70.1545,300.002,216607,TL
65,sum,8,0.3,8,cal_n20_rdd0.3_M3_s1203,20,3,98.2258,0,70.1545,300.002,211489,TL
66,sum,8,0.5,2,cal_n20_rdd0.3_M3_s1203,20,3,98.2258,0,70.1545,300.002,231029,TL
67,sum,8,0.5,4,cal_n20_rdd0.3_M3_s1203,20,3,98.2258,0,70.1545,300.002,217077,TL
68,sum,8,0.5,8,cal_n20_rdd0.3_M3_s1203,20,3,98.2258,0,70.1545,300.005,211825,TL
69,sum,8,0.8,2,cal_n20_rdd0.3_M3_s1203,20,3,98.2258,0,70.1545,300.004,230941,TL
70,sum,8,0.8,4,cal_n20_rdd0.3_M3_s1203,20,3,98.2258,0,70.1545,300.001,216481,TL
71,sum,8,0.8,8,cal_n20_rdd0.3_M3_s1203,20,3,98.2258,0,70.1545,300.002,211962,TL
72,sum,16,0.3,2,cal_n20_rdd0.3_M3_s1203,20,3,98.2258,0,64.657,300.002,231598,TL
73,sum,16,0.3,4,cal_n20_rdd0.3_M3_s1203,20,3,98.2258,0,64.657,300.002,207613,TL
74,sum,16,0.3,8,cal_n20_rdd0.3_M3_s1203,20,3,98.2258,0,64.657,300.003,208023,TL
75,sum,16,0.5,2,cal_n20_rdd0.3_M3_s1203,20,3,98.2258,0,64.657,300.001,232241,TL
76,sum,16,0.5,4,cal_n20_rdd0.3_M3_s1203,20,3,98.2258,0,64.657,300.003,207639,TL
77,sum,16,0.5,8,cal_n20_rdd0.3_M3_s1203,20,3,98.2258,0,64.657,300.003,207738,TL
78,sum,16,0.8,2,cal_n20_rdd0.3_M3_s1203,20,3,98.2258,0,64.657,300.004,232047,TL
79,sum,16,0.8,4,cal_n20_rdd0.3_M3_s1203,20,3,98.2258,0,64.657,300.001,207705,TL
80,sum,16,0.8,8,cal_n20_rdd0.3_M3_s1203,20,3,98.2258,0,64.657,300.007,208186,TL
0,spread,4,0.3,2,cal_n20_rdd0.6_M4_s1206,20,4,3.81832,1,0,3.13188,28834,OPT
1,spread,4,0.3,4,cal_n20_rdd0.6_M4_s1206,20,4,3.81832,1,0,9.28864,38050,OPT
2,spread,4,0.3,8,cal_n20_rdd0.6_M4_s1206,20,4,3.81832,1,0,9.47832,31698,OPT
3,spread,4,0.5,2,cal_n20_rdd0.6_M4_s1206,20,4,3.81832,1,0,3.13568,28834,OPT
4,spread,4,0.5,4,cal_n20_rdd0.6_M4_s1206,20,4,3.81832,1,0,9.30549,38050,OPT
5,spread,4,0.5,8,cal_n20_rdd0.6_M4_s1206,20,4,3.81832,1,0,9.47825,31698,OPT
6,spread,4,0.8,2,cal_n20_rdd0.6_M4_s1206,20,4,3.81832,1,0,3.11722,28834,OPT
7,spread,4,0.8,4,cal_n20_rdd0.6_M4_s1206,20,4,3.81832,1,0,9.3685,38050,OPT
8,spread,4,0.8,8,cal_n20_rdd0.6_M4_s1206,20,4,3.81832,1,0,9.52106,31698,OPT
9,spread,8,0.3,2,cal_n20_rdd0.6_M4_s1206,20,4,3.81832,1,0,1.47472,18665,OPT
10,spread,8,0.3,4,cal_n20_rdd0.6_M4_s1206,20,4,3.81832,1,0,2.07082,19215,OPT
11,spread,8,0.3,8,cal_n20_rdd0.6_M4_s1206,20,4,3.81832,1,0,1.56079,17288,OPT
12,spread,8,0.5,2,cal_n20_rdd0.6_M4_s1206,20,4,3.81832,1,0,1.49162,18665,OPT
13,spread,8,0.5,4,cal_n20_rdd0.6_M4_s1206,20,4,3.81832,1,0,2.18778,19215,OPT
14,spread,8,0.5,8,cal_n20_rdd0.6_M4_s1206,20,4,3.81832,1,0,1.57376,17288,OPT
15,spread,8,0.8,2,cal_n20_rdd0.6_M4_s1206,20,4,3.81832,1,0,1.4935,18665,OPT
16,spread,8,0.8,4,cal_n20_rdd0.6_M4_s1206,20,4,3.81832,1,0,2.10558,19215,OPT
17,spread,8,0.8,8,cal_n20_rdd0.6_M4_s1206,20,4,3.81832,1,0,1.56707,17288,OPT
18,spread,16,0.3,2,cal_n20_rdd0.6_M4_s1206,20,4,3.81832,1,0,1.43954,17954,OPT
19,spread,16,0.3,4,cal_n20_rdd0.6_M4_s1206,20,4,3.81832,1,0,2.04125,18971,OPT
20,spread,16,0.3,8,cal_n20_rdd0.6_M4_s1206,20,4,3.81832,1,0,1.49353,16883,OPT
21,spread,16,0.5,2,cal_n20_rdd0.6_M4_s1206,20,4,3.81832,1,0,1.4466,17954,OPT
22,spread,16,0.5,4,cal_n20_rdd0.6_M4_s1206,20,4,3.81832,1,0,2.08397,18971,OPT
23,spread,16,0.5,8,cal_n20_rdd0.6_M4_s1206,20,4,3.81832,1,0,1.51224,16883,OPT
24,spread,16,0.8,2,cal_n20_rdd0.6_M4_s1206,20,4,3.81832,1,0,1.44734,17954,OPT
25,spread,16,0.8,4,cal_n20_rdd0.6_M4_s1206,20,4,3.81832,1,0,2.04284,18971,OPT
26,spread,16,0.8,8,cal_n20_rdd0.6_M4_s1206,20,4,3.81832,1,0,1.48607,16883,OPT
27,min,4,0.3,2,cal_n20_rdd0.6_M4_s1206,20,4,3.81832,1,0,4.53283,33888,OPT
28,min,4,0.3,4,cal_n20_rdd0.6_M4_s1206,20,4,3.81832,1,0,13.9941,47429,OPT
29,min,4,0.3,8,cal_n20_rdd0.6_M4_s1206,20,4,3.81832,1,0,11.2102,35237,OPT
30,min,4,0.5,2,cal_n20_rdd0.6_M4_s1206,20,4,3.81832,1,0,4.46361,33888,OPT
31,min,4,0.5,4,cal_n20_rdd0.6_M4_s1206,20,4,3.81832,1,0,13.9437,47429,OPT
32,min,4,0.5,8,cal_n20_rdd0.6_M4_s1206,20,4,3.81832,1,0,11.2695,35237,OPT
33,min,4,0.8,2,cal_n20_rdd0.6_M4_s1206,20,4,3.81832,1,0,4.40368,33888,OPT
34,min,4,0.8,4,cal_n20_rdd0.6_M4_s1206,20,4,3.81832,1,0,13.9823,47429,OPT
35,min,4,0.8,8,cal_n20_rdd0.6_M4_s1206,20,4,3.81832,1,0,11.1862,35237,OPT
36,min,8,0.3,2,cal_n20_rdd0.6_M4_s1206,20,4,3.81832,1,0,2.03573,19903,OPT
37,min,8,0.3,4,cal_n20_rdd0.6_M4_s1206,20,4,3.81832,1,0,7.14021,31540,OPT
38,min,8,0.3,8,cal_n20_rdd0.6_M4_s1206,20,4,3.81832,1,0,5.46332,19726,OPT
39,min,8,0.5,2,cal_n20_rdd0.6_M4_s1206,20,4,3.81832,1,0,2.04836,19903,OPT
40,min,8,0.5,4,cal_n20_rdd0.6_M4_s1206,20,4,3.81832,1,0,7.2004,31540,OPT
41,min,8,0.5,8,cal_n20_rdd0.6_M4_s1206,20,4,3.81832,1,0,5.55966,19726,OPT
42,min,8,0.8,2,cal_n20_rdd0.6_M4_s1206,20,4,3.81832,1,0,1.9886,19903,OPT
43,min,8,0.8,4,cal_n20_rdd0.6_M4_s1206,20,4,3.81832,1,0,7.26145,31540,OPT
44,min,8,0.8,8,cal_n20_rdd0.6_M4_s1206,20,4,3.81832,1,0,5.61223,19726,OPT
45,min,16,0.3,2,cal_n20_rdd0.6_M4_s1206,20,4,3.81832,1,0,1.35196,17171,OPT
46,min,16,0.3,4,cal_n20_rdd0.6_M4_s1206,20,4,3.81832,1,0,4.17465,28808,OPT
47,min,16,0.3,8,cal_n20_rdd0.6_M4_s1206,20,4,3.81832,1,0,1.46264,12391,OPT
48,min,16,0.5,2,cal_n20_rdd0.6_M4_s1206,20,4,3.81832,1,0,1.35824,17171,OPT
49,min,16,0.5,4,cal_n20_rdd0.6_M4_s1206,20,4,3.81832,1,0,4.05748,28808,OPT
50,min,16,0.5,8,cal_n20_rdd0.6_M4_s1206,20,4,3.81832,1,0,1.46985,12391,OPT
51,min,16,0.8,2,cal_n20_rdd0.6_M4_s1206,20,4,3.81832,1,0,1.37022,17171,OPT
52,min,16,0.8,4,cal_n20_rdd0.6_M4_s1206,20,4,3.81832,1,0,4.03223,28808,OPT
53,min,16,0.8,8,cal_n20_rdd0.6_M4_s1206,20,4,3.81832,1,0,1.51461,12391,OPT
54,sum,4,0.3,2,cal_n20_rdd0.6_M4_s1206,20,4,3.81832,1,0,3.39984,29346,OPT
55,sum,4,0.3,4,cal_n20_rdd0.6_M4_s1206,20,4,3.81832,1,0,9.56485,38489,OPT
56,sum,4,0.3,8,cal_n20_rdd0.6_M4_s1206,20,4,3.81832,1,0,8.89062,30912,OPT
57,sum,4,0.5,2,cal_n20_rdd0.6_M4_s1206,20,4,3.81832,1,0,3.42792,29346,OPT
58,sum,4,0.5,4,cal_n20_rdd0.6_M4_s1206,20,4,3.81832,1,0,9.70978,38489,OPT
59,sum,4,0.5,8,cal_n20_rdd0.6_M4_s1206,20,4,3.81832,1,0,8.89787,30912,OPT
60,sum,4,0.8,2,cal_n20_rdd0.6_M4_s1206,20,4,3.81832,1,0,3.43314,29346,OPT
61,sum,4,0.8,4,cal_n20_rdd0.6_M4_s1206,20,4,3.81832,1,0,9.57996,38489,OPT
62,sum,4,0.8,8,cal_n20_rdd0.6_M4_s1206,20,4,3.81832,1,0,8.79323,30912,OPT
63,sum,8,0.3,2,cal_n20_rdd0.6_M4_s1206,20,4,3.81832,1,0,1.44491,18711,OPT
64,sum,8,0.3,4,cal_n20_rdd0.6_M4_s1206,20,4,3.81832,1,0,2.05115,19189,OPT
65,sum,8,0.3,8,cal_n20_rdd0.6_M4_s1206,20,4,3.81832,1,0,1.52738,17251,OPT
66,sum,8,0.5,2,cal_n20_rdd0.6_M4_s1206,20,4,3.81832,1,0,1.45673,18711,OPT
67,sum,8,0.5,4,cal_n20_rdd0.6_M4_s1206,20,4,3.81832,1,0,2.03994,19189,OPT
68,sum,8,0.5,8,cal_n20_rdd0.6_M4_s1206,20,4,3.81832,1,0,1.52228,17251,OPT
69,sum,8,0.8,2,cal_n20_rdd0.6_M4_s1206,20,4,3.81832,1,0,1.45201,18711,OPT
70,sum,8,0.8,4,cal_n20_rdd0.6_M4_s1206,20,4,3.81832,1,0,2.10597,19189,OPT
71,sum,8,0.8,8,cal_n20_rdd0.6_M4_s1206,20,4,3.81832,1,0,1.52278,17251,OPT
72,sum,16,0.3,2,cal_n20_rdd0.6_M4_s1206,20,4,3.81832,1,0,1.65286,19715,OPT
73,sum,16,0.3,4,cal_n20_rdd0.6_M4_s1206,20,4,3.81832,1,0,11.4168,43192,OPT
74,sum,16,0.3,8,cal_n20_rdd0.6_M4_s1206,20,4,3.81832,1,0,3.86666,25870,OPT
75,sum,16,0.5,2,cal_n20_rdd0.6_M4_s1206,20,4,3.81832,1,0,1.65451,19715,OPT
76,sum,16,0.5,4,cal_n20_rdd0.6_M4_s1206,20,4,3.81832,1,0,11.5449,43192,OPT
77,sum,16,0.5,8,cal_n20_rdd0.6_M4_s1206,20,4,3.81832,1,0,3.66739,25870,OPT
78,sum,16,0.8,2,cal_n20_rdd0.6_M4_s1206,20,4,3.81832,1,0,1.64953,19715,OPT
79,sum,16,0.8,4,cal_n20_rdd0.6_M4_s1206,20,4,3.81832,1,0,11.5265,43192,OPT
80,sum,16,0.8,8,cal_n20_rdd0.6_M4_s1206,20,4,3.81832,1,0,3.64293,25870,OPT
0,spread,4,0.3,2,cal_n25_rdd0.3_M2_s1253,25,2,228.57,0,91.9807,300.07,4979,TL
1,spread,4,0.3,4,cal_n25_rdd0.3_M2_s1253,25,2,228.57,0,91.9807,300.02,4997,TL
2,spread,4,0.3,8,cal_n25_rdd0.3_M2_s1253,25,2,228.57,0,91.9807,300.088,4979,TL
3,spread,4,0.5,2,cal_n25_rdd0.3_M2_s1253,25,2,228.57,0,91.9807,300.078,4979,TL
4,spread,4,0.5,4,cal_n25_rdd0.3_M2_s1253,25,2,228.57,0,91.9807,300.037,4997,TL
5,spread,4,0.5,8,cal_n25_rdd0.3_M2_s1253,25,2,228.57,0,91.9807,300.055,4997,TL
6,spread,4,0.8,2,cal_n25_rdd0.3_M2_s1253,25,2,228.57,0,91.9807,300.083,4979,TL
7,spread,4,0.8,4,cal_n25_rdd0.3_M2_s1253,25,2,228.57,0,91.9807,300.004,4993,TL
8,spread,4,0.8,8,cal_n25_rdd0.3_M2_s1253,25,2,228.57,0,91.9807,300.003,4749,TL
9,spread,8,0.3,2,cal_n25_rdd0.3_M2_s1253,25,2,228.57,0,91.9807,300.007,3288,TL
10,spread,8,0.3,4,cal_n25_rdd0.3_M2_s1253,25,2,228.57,0,91.9807,300.007,3294,TL
11,spread,8,0.3,8,cal_n25_rdd0.3_M2_s1253,25,2,228.57,0,91.9807,300.006,3300,TL
12,spread,8,0.5,2,cal_n25_rdd0.3_M2_s1253,25,2,228.57,0,91.9807,300.002,3294,TL
13,spread,8,0.5,4,cal_n25_rdd0.3_M2_s1253,25,2,228.57,0,91.9807,300.005,3296,TL
14,spread,8,0.5,8,cal_n25_rdd0.3_M2_s1253,25,2,228.57,0,91.9807,300.007,3293,TL
15,spread,8,0.8,2,cal_n25_rdd0.3_M2_s1253,25,2,228.57,0,91.9807,300.008,3285,TL
16,spread,8,0.8,4,cal_n25_rdd0.3_M2_s1253,25,2,228.57,0,91.9807,300.002,3301,TL
17,spread,8,0.8,8,cal_n25_rdd0.3_M2_s1253,25,2,228.57,0,91.9807,300.007,3309,TL
18,spread,16,0.3,2,cal_n25_rdd0.3_M2_s1253,25,2,228.57,0,91.9807,300.009,2470,TL
19,spread,16,0.3,4,cal_n25_rdd0.3_M2_s1253,25,2,228.57,0,91.9807,300.005,2470,TL
20,spread,16,0.3,8,cal_n25_rdd0.3_M2_s1253,25,2,228.57,0,91.9807,300.004,2475,TL
21,spread,16,0.5,2,cal_n25_rdd0.3_M2_s1253,25,2,228.57,0,91.9807,300.006,2470,TL
22,spread,16,0.5,4,cal_n25_rdd0.3_M2_s1253,25,2,228.57,0,91.9807,300.009,2470,TL
23,spread,16,0.5,8,cal_n25_rdd0.3_M2_s1253,25,2,228.57,0,91.9807,300.013,2470,TL
24,spread,16,0.8,2,cal_n25_rdd0.3_M2_s1253,25,2,228.57,0,91.9807,300.009,2470,TL
25,spread,16,0.8,4,cal_n25_rdd0.3_M2_s1253,25,2,228.57,0,91.9807,300.017,2475,TL
26,spread,16,0.8,8,cal_n25_rdd0.3_M2_s1253,25,2,228.57,0,91.9807,300.434,2463,TL
27,min,4,0.3,2,cal_n25_rdd0.3_M2_s1253,25,2,228.57,0,91.9807,300.004,2551,TL
28,min,4,0.3,4,cal_n25_rdd0.3_M2_s1253,25,2,228.57,0,91.9807,300.019,2558,TL
29,min,4,0.3,8,cal_n25_rdd0.3_M2_s1253,25,2,228.57,0,91.9807,300.04,2558,TL
30,min,4,0.5,2,cal_n25_rdd0.3_M2_s1253,25,2,228.57,0,91.9807,300.006,2551,TL
31,min,4,0.5,4,cal_n25_rdd0.3_M2_s1253,25,2,228.57,0,91.9807,300.042,2558,TL
32,min,4,0.5,8,cal_n25_rdd0.3_M2_s1253,25,2,228.57,0,91.9807,300.007,2559,TL
33,min,4,0.8,2,cal_n25_rdd0.3_M2_s1253,25,2,228.57,0,91.9807,300.006,2558,TL
34,min,4,0.8,4,cal_n25_rdd0.3_M2_s1253,25,2,228.57,0,91.9807,300.002,2558,TL
35,min,4,0.8,8,cal_n25_rdd0.3_M2_s1253,25,2,228.57,0,91.9807,300.024,2558,TL
36,min,8,0.3,2,cal_n25_rdd0.3_M2_s1253,25,2,228.57,0,91.9807,300.711,2951,TL
37,min,8,0.3,4,cal_n25_rdd0.3_M2_s1253,25,2,228.57,0,91.9807,300.002,2964,TL
38,min,8,0.3,8,cal_n25_rdd0.3_M2_s1253,25,2,228.57,0,91.9807,300.702,2951,TL
39,min,8,0.5,2,cal_n25_rdd0.3_M2_s1253,25,2,228.57,0,91.9807,300.685,2951,TL
40,min,8,0.5,4,cal_n25_rdd0.3_M2_s1253,25,2,228.57,0,91.9807,300.045,2951,TL
41,min,8,0.5,8,cal_n25_rdd0.3_M2_s1253,25,2,228.57,0,91.9807,300.014,2963,TL
42,min,8,0.8,2,cal_n25_rdd0.3_M2_s1253,25,2,228.57,0,91.9807,300.7,2951,TL
43,min,8,0.8,4,cal_n25_rdd0.3_M2_s1253,25,2,228.57,0,91.9807,300.016,2963,TL
44,min,8,0.8,8,cal_n25_rdd0.3_M2_s1253,25,2,228.57,0,91.9807,300.167,2951,TL
45,min,16,0.3,2,cal_n25_rdd0.3_M2_s1253,25,2,228.57,0,90.1983,300.014,2923,TL
46,min,16,0.3,4,cal_n25_rdd0.3_M2_s1253,25,2,228.57,0,90.1983,300.007,2926,TL
47,min,16,0.3,8,cal_n25_rdd0.3_M2_s1253,25,2,228.57,0,90.1983,300.012,2939,TL
48,min,16,0.5,2,cal_n25_rdd0.3_M2_s1253,25,2,228.57,0,90.1983,300.001,2919,TL
49,min,16,0.5,4,cal_n25_rdd0.3_M2_s1253,25,2,228.57,0,90.1983,300.009,2939,TL
50,min,16,0.5,8,cal_n25_rdd0.3_M2_s1253,25,2,228.57,0,90.1983,300,2924,TL
51,min,16,0.8,2,cal_n25_rdd0.3_M2_s1253,25,2,228.57,0,90.1983,300.003,2918,TL
52,min,16,0.8,4,cal_n25_rdd0.3_M2_s1253,25,2,228.57,0,90.1983,300.02,2923,TL
53,min,16,0.8,8,cal_n25_rdd0.3_M2_s1253,25,2,228.57,0,90.1983,300.021,2923,TL
54,sum,4,0.3,2,cal_n25_rdd0.3_M2_s1253,25,2,228.57,0,91.9807,300.138,4011,TL
55,sum,4,0.3,4,cal_n25_rdd0.3_M2_s1253,25,2,228.57,0,91.9807,300.009,4040,TL
56,sum,4,0.3,8,cal_n25_rdd0.3_M2_s1253,25,2,228.57,0,91.9807,300.008,6809,TL
57,sum,4,0.5,2,cal_n25_rdd0.3_M2_s1253,25,2,228.57,0,91.9807,300.005,7226,TL
58,sum,4,0.5,4,cal_n25_rdd0.3_M2_s1253,25,2,228.57,0,91.9807,300.006,7239,TL
59,sum,4,0.5,8,cal_n25_rdd0.3_M2_s1253,25,2,228.57,0,91.9807,300.002,7239,TL
60,sum,4,0.8,2,cal_n25_rdd0.3_M2_s1253,25,2,228.57,0,91.9807,300.011,6884,TL
61,sum,4,0.8,4,cal_n25_rdd0.3_M2_s1253,25,2,228.57,0,91.9807,300.004,6872,TL
62,sum,4,0.8,8,cal_n25_rdd0.3_M2_s1253,25,2,228.57,0,91.9807,300.014,7129,TL
63,sum,8,0.3,2,cal_n25_rdd0.3_M2_s1253,25,2,228.57,0,91.9807,300.034,3907,TL
64,sum,8,0.3,4,cal_n25_rdd0.3_M2_s1253,25,2,228.57,0,91.9807,300.022,3932,TL
65,sum,8,0.3,8,cal_n25_rdd0.3_M2_s1253,25,2,228.57,0,91.9807,300.046,3924,TL
66,sum,8,0.5,2,cal_n25_rdd0.3_M2_s1253,25,2,228.57,0,91.9807,300.039,3924,TL
67,sum,8,0.5,4,cal_n25_rdd0.3_M2_s1253,25,2,228.57,0,91.9807,300.038,3932,TL
68,sum,8,0.5,8,cal_n25_rdd0.3_M2_s1253,25,2,228.57,0,91.9807,300.037,3924,TL
69,sum,8,0.8,2,cal_n25_rdd0.3_M2_s1253,25,2,228.57,0,91.9807,300.009,3858,TL
70,sum,8,0.8,4,cal_n25_rdd0.3_M2_s1253,25,2,228.57,0,91.9807,300.033,3851,TL
71,sum,8,0.8,8,cal_n25_rdd0.3_M2_s1253,25,2,228.57,0,91.9807,300.063,3924,TL
72,sum,16,0.3,2,cal_n25_rdd0.3_M2_s1253,25,2,228.57,0,90.1983,300.014,8519,TL
73,sum,16,0.3,4,cal_n25_rdd0.3_M2_s1253,25,2,228.57,0,90.1983,300.059,8569,TL
74,sum,16,0.3,8,cal_n25_rdd0.3_M2_s1253,25,2,228.57,0,90.1983,300.001,8527,TL
75,sum,16,0.5,2,cal_n25_rdd0.3_M2_s1253,25,2,228.57,0,90.1983,300.005,8482,TL
76,sum,16,0.5,4,cal_n25_rdd0.3_M2_s1253,25,2,228.57,0,90.1983,300.014,8543,TL
77,sum,16,0.5,8,cal_n25_rdd0.3_M2_s1253,25,2,228.57,0,90.1983,300.002,8514,TL
78,sum,16,0.8,2,cal_n25_rdd0.3_M2_s1253,25,2,228.57,0,90.1983,300.003,8514,TL
79,sum,16,0.8,4,cal_n25_rdd0.3_M2_s1253,25,2,228.57,0,90.1983,300.007,8519,TL
80,sum,16,0.8,8,cal_n25_rdd0.3_M2_s1253,25,2,228.57,0,90.1983,300.005,8465,TL
0,spread,4,0.3,2,cal_n25_rdd0.6_M3_s1256,25,3,206.265,0,61.8649,300,577446,TL
1,spread,4,0.3,4,cal_n25_rdd0.6_M3_s1256,25,3,206.265,0,61.8649,300.002,596727,TL
2,spread,4,0.3,8,cal_n25_rdd0.6_M3_s1256,25,3,206.265,0,61.8649,300.001,603926,TL
3,spread,4,0.5,2,cal_n25_rdd0.6_M3_s1256,25,3,206.265,0,61.8649,300,579851,TL
4,spread,4,0.5,4,cal_n25_rdd0.6_M3_s1256,25,3,206.265,0,61.8649,300.001,599724,TL
5,spread,4,0.5,8,cal_n25_rdd0.6_M3_s1256,25,3,206.265,0,61.8649,300.001,600338,TL
6,spread,4,0.8,2,cal_n25_rdd0.6_M3_s1256,25,3,206.265,0,61.8649,300.001,578266,TL
7,spread,4,0.8,4,cal_n25_rdd0.6_M3_s1256,25,3,206.265,0,61.8649,300.001,599261,TL
8,spread,4,0.8,8,cal_n25_rdd0.6_M3_s1256,25,3,206.265,0,61.8649,300.001,607160,TL
9,spread,8,0.3,2,cal_n25_rdd0.6_M3_s1256,25,3,206.265,0,61.8649,300.001,269385,TL
10,spread,8,0.3,4,cal_n25_rdd0.6_M3_s1256,25,3,206.265,0,61.8649,300.001,306337,TL
11,spread,8,0.3,8,cal_n25_rdd0.6_M3_s1256,25,3,206.265,0,61.8649,300.002,298461,TL
12,spread,8,0.5,2,cal_n25_rdd0.6_M3_s1256,25,3,206.265,0,61.8649,300.002,255891,TL
13,spread,8,0.5,4,cal_n25_rdd0.6_M3_s1256,25,3,206.265,0,61.8649,300.002,307230,TL
14,spread,8,0.5,8,cal_n25_rdd0.6_M3_s1256,25,3,206.265,0,61.8649,300.001,296378,TL
15,spread,8,0.8,2,cal_n25_rdd0.6_M3_s1256,25,3,206.265,0,61.8649,300.001,259740,TL
16,spread,8,0.8,4,cal_n25_rdd0.6_M3_s1256,25,3,206.265,0,61.8649,300.001,300703,TL
17,spread,8,0.8,8,cal_n25_rdd0.6_M3_s1256,25,3,206.265,0,61.8649,300.001,313453,TL
18,spread,16,0.3,2,cal_n25_rdd0.6_M3_s1256,25,3,206.265,0,61.8649,300.005,190060,TL
19,spread,16,0.3,4,cal_n25_rdd0.6_M3_s1256,25,3,206.265,0,61.8649,300.004,196774,TL
20,spread,16,0.3,8,cal_n25_rdd0.6_M3_s1256,25,3,206.265,0,61.8649,300.004,199146,TL
21,spread,16,0.5,2,cal_n25_rdd0.6_M3_s1256,25,3,206.265,0,61.8649,300.005,190283,TL
22,spread,16,0.5,4,cal_n25_rdd0.6_M3_s1256,25,3,206.265,0,61.8649,300.002,198381,TL
23,spread,16,0.5,8,cal_n25_rdd0.6_M3_s1256,25,3,206.265,0,61.8649,300.001,198295,TL
24,spread,16,0.8,2,cal_n25_rdd0.6_M3_s1256,25,3,206.265,0,61.8649,300.001,191882,TL
25,spread,16,0.8,4,cal_n25_rdd0.6_M3_s1256,25,3,206.265,0,61.8649,300.005,197217,TL
26,spread,16,0.8,8,cal_n25_rdd0.6_M3_s1256,25,3,206.265,0,61.8649,300.002,198566,TL
27,min,4,0.3,2,cal_n25_rdd0.6_M3_s1256,25,3,206.265,0,61.8649,300.001,600619,TL
28,min,4,0.3,4,cal_n25_rdd0.6_M3_s1256,25,3,206.265,0,61.8649,300.001,632717,TL
29,min,4,0.3,8,cal_n25_rdd0.6_M3_s1256,25,3,206.265,0,61.8649,300.001,643249,TL
30,min,4,0.5,2,cal_n25_rdd0.6_M3_s1256,25,3,206.265,0,61.8649,300.001,599173,TL
31,min,4,0.5,4,cal_n25_rdd0.6_M3_s1256,25,3,206.265,0,61.8649,300.001,631282,TL
32,min,4,0.5,8,cal_n25_rdd0.6_M3_s1256,25,3,206.265,0,61.8649,300.001,646363,TL
33,min,4,0.8,2,cal_n25_rdd0.6_M3_s1256,25,3,206.265,0,61.8649,300.001,596287,TL
34,min,4,0.8,4,cal_n25_rdd0.6_M3_s1256,25,3,206.265,0,61.8649,300.001,637289,TL
35,min,4,0.8,8,cal_n25_rdd0.6_M3_s1256,25,3,206.265,0,61.8649,300.001,639549,TL
36,min,8,0.3,2,cal_n25_rdd0.6_M3_s1256,25,3,206.265,0,61.5163,300.001,414869,TL
37,min,8,0.3,4,cal_n25_rdd0.6_M3_s1256,25,3,206.265,0,61.5163,300.003,440304,TL
38,min,8,0.3,8,cal_n25_rdd0.6_M3_s1256,25,3,206.265,0,61.5163,300.001,455320,TL
39,min,8,0.5,2,cal_n25_rdd0.6_M3_s1256,25,3,206.265,0,61.5163,300.002,410497,TL
40,min,8,0.5,4,cal_n25_rdd0.6_M3_s1256,25,3,206.265,0,61.5163,300,447504,TL
41,min,8,0.5,8,cal_n25_rdd0.6_M3_s1256,25,3,206.265,0,61.5163,300.003,446878,TL
42,min,8,0.8,2,cal_n25_rdd0.6_M3_s1256,25,3,206.265,0,61.5163,300.002,410865,TL
43,min,8,0.8,4,cal_n25_rdd0.6_M3_s1256,25,3,206.265,0,61.5163,300.001,443651,TL
44,min,8,0.8,8,cal_n25_rdd0.6_M3_s1256,25,3,206.265,0,61.5163,300.001,453449,TL
45,min,16,0.3,2,cal_n25_rdd0.6_M3_s1256,25,3,206.265,0,61.5163,300.001,474336,TL
46,min,16,0.3,4,cal_n25_rdd0.6_M3_s1256,25,3,206.265,0,61.5163,300.001,502287,TL
47,min,16,0.3,8,cal_n25_rdd0.6_M3_s1256,25,3,206.265,0,61.5163,300.001,503551,TL
48,min,16,0.5,2,cal_n25_rdd0.6_M3_s1256,25,3,206.265,0,61.5163,300,467527,TL
49,min,16,0.5,4,cal_n25_rdd0.6_M3_s1256,25,3,206.265,0,61.5163,300.001,496879,TL
50,min,16,0.5,8,cal_n25_rdd0.6_M3_s1256,25,3,206.265,0,61.5163,300.001,502376,TL
51,min,16,0.8,2,cal_n25_rdd0.6_M3_s1256,25,3,206.265,0,61.5163,300.001,473654,TL
52,min,16,0.8,4,cal_n25_rdd0.6_M3_s1256,25,3,206.265,0,61.5163,300.001,501171,TL
53,min,16,0.8,8,cal_n25_rdd0.6_M3_s1256,25,3,206.265,0,61.5163,300.001,500235,TL
54,sum,4,0.3,2,cal_n25_rdd0.6_M3_s1256,25,3,206.265,0,61.8649,300.001,453748,TL
55,sum,4,0.3,4,cal_n25_rdd0.6_M3_s1256,25,3,206.265,0,61.8649,300.002,444408,TL
56,sum,4,0.3,8,cal_n25_rdd0.6_M3_s1256,25,3,206.265,0,61.8649,300.002,435047,TL
57,sum,4,0.5,2,cal_n25_rdd0.6_M3_s1256,25,3,206.265,0,61.8649,300.001,456408,TL
58,sum,4,0.5,4,cal_n25_rdd0.6_M3_s1256,25,3,206.265,0,61.8649,300.002,441893,TL
59,sum,4,0.5,8,cal_n25_rdd0.6_M3_s1256,25,3,206.265,0,61.8649,300.001,438590,TL
60,sum,4,0.8,2,cal_n25_rdd0.6_M3_s1256,25,3,206.265,0,61.8649,300.001,451015,TL
61,sum,4,0.8,4,cal_n25_rdd0.6_M3_s1256,25,3,206.265,0,61.8649,300.002,444297,TL
62,sum,4,0.8,8,cal_n25_rdd0.6_M3_s1256,25,3,206.265,0,61.8649,300.015,435955,TL
63,sum,8,0.3,2,cal_n25_rdd0.6_M3_s1256,25,3,206.265,0,61.5163,300.005,169193,TL
64,sum,8,0.3,4,cal_n25_rdd0.6_M3_s1256,25,3,206.265,0,61.5163,300.005,159302,TL
65,sum,8,0.3,8,cal_n25_rdd0.6_M3_s1256,25,3,206.265,0,61.5163,300.007,156268,TL
66,sum,8,0.5,2,cal_n25_rdd0.6_M3_s1256,25,3,206.265,0,61.5163,300.003,170134,TL
67,sum,8,0.5,4,cal_n25_rdd0.6_M3_s1256,25,3,206.265,0,61.5163,300.006,157866,TL
68,sum,8,0.5,8,cal_n25_rdd0.6_M3_s1256,25,3,206.265,0,61.5163,300.002,156961,TL
69,sum,8,0.8,2,cal_n25_rdd0.6_M3_s1256,25,3,206.265,0,61.5163,300.002,171027,TL
70,sum,8,0.8,4,cal_n25_rdd0.6_M3_s1256,25,3,206.265,0,61.5163,300.005,157222,TL
71,sum,8,0.8,8,cal_n25_rdd0.6_M3_s1256,25,3,206.265,0,61.5163,300.033,156198,TL
72,sum,16,0.3,2,cal_n25_rdd0.6_M3_s1256,25,3,206.265,0,61.8649,300.008,163966,TL
73,sum,16,0.3,4,cal_n25_rdd0.6_M3_s1256,25,3,206.265,0,61.8649,300.007,160322,TL
74,sum,16,0.3,8,cal_n25_rdd0.6_M3_s1256,25,3,206.265,0,61.8649,300.005,161830,TL
75,sum,16,0.5,2,cal_n25_rdd0.6_M3_s1256,25,3,206.265,0,61.8649,300.009,164859,TL
76,sum,16,0.5,4,cal_n25_rdd0.6_M3_s1256,25,3,206.265,0,61.8649,300.012,160469,TL
77,sum,16,0.5,8,cal_n25_rdd0.6_M3_s1256,25,3,206.265,0,61.8649,300.017,160351,TL
78,sum,16,0.8,2,cal_n25_rdd0.6_M3_s1256,25,3,206.265,0,61.8649,300.004,166050,TL
79,sum,16,0.8,4,cal_n25_rdd0.6_M3_s1256,25,3,206.265,0,61.8649,300.003,161127,TL
80,sum,16,0.8,8,cal_n25_rdd0.6_M3_s1256,25,3,206.265,0,61.8649,300.004,162121,TL
0,spread,4,0.3,2,cal_n30_rdd0.3_M4_s1303,30,4,76.3797,0,100,300,728114,TL
1,spread,4,0.3,4,cal_n30_rdd0.3_M4_s1303,30,4,76.3797,0,100,300,771156,TL
2,spread,4,0.3,8,cal_n30_rdd0.3_M4_s1303,30,4,76.3797,0,100,300,760953,TL
3,spread,4,0.5,2,cal_n30_rdd0.3_M4_s1303,30,4,76.3797,0,100,300,556635,TL
4,spread,4,0.5,4,cal_n30_rdd0.3_M4_s1303,30,4,76.3797,0,100,300,571092,TL
5,spread,4,0.5,8,cal_n30_rdd0.3_M4_s1303,30,4,76.3797,0,100,300,588862,TL
6,spread,4,0.8,2,cal_n30_rdd0.3_M4_s1303,30,4,76.3797,0,100,300,514518,TL
7,spread,4,0.8,4,cal_n30_rdd0.3_M4_s1303,30,4,76.3797,0,100,300,520168,TL
8,spread,4,0.8,8,cal_n30_rdd0.3_M4_s1303,30,4,76.3797,0,100,300,526393,TL
9,spread,8,0.3,2,cal_n30_rdd0.3_M4_s1303,30,4,76.3797,0,100,304.812,357509,TL
10,spread,8,0.3,4,cal_n30_rdd0.3_M4_s1303,30,4,76.3797,0,100,300,322582,TL
11,spread,8,0.3,8,cal_n30_rdd0.3_M4_s1303,30,4,76.3797,0,100,300,177735,TL
12,spread,8,0.5,2,cal_n30_rdd0.3_M4_s1303,30,4,76.3797,0,100,304.065,357490,TL
13,spread,8,0.5,4,cal_n30_rdd0.3_M4_s1303,30,4,76.3797,0,100,300.001,215575,TL
14,spread,8,0.5,8,cal_n30_rdd0.3_M4_s1303,30,4,76.3797,0,100,301.334,130337,TL
15,spread,8,0.8,2,cal_n30_rdd0.3_M4_s1303,30,4,76.3797,0,100,302.461,357490,TL
16,spread,8,0.8,4,cal_n30_rdd0.3_M4_s1303,30,4,76.3797,0,100,300.129,205301,TL
17,spread,8,0.8,8,cal_n30_rdd0.3_M4_s1303,30,4,76.3797,0,100,300.42,129955,TL
18,spread,16,0.3,2,cal_n30_rdd0.3_M4_s1303,30,4,76.3797,0,100,300.003,168336,TL
19,spread,16,0.3,4,cal_n30_rdd0.3_M4_s1303,30,4,76.3797,0,100,300.001,189906,TL
20,spread,16,0.3,8,cal_n30_rdd0.3_M4_s1303,30,4,76.3797,0,100,300.047,92158,TL
21,spread,16,0.5,2,cal_n30_rdd0.3_M4_s1303,30,4,76.3797,0,100,300.001,93390,TL
22,spread,16,0.5,4,cal_n30_rdd0.3_M4_s1303,30,4,76.3797,0,100,300.003,99850,TL
23,spread,16,0.5,8,cal_n30_rdd0.3_M4_s1303,30,4,76.3797,0,100,300.045,77488,TL
24,spread,16,0.8,2,cal_n30_rdd0.3_M4_s1303,30,4,76.3797,0,100,300.001,55798,TL
25,spread,16,0.8,4,cal_n30_rdd0.3_M4_s1303,30,4,76.3797,0,100,300.002,61217,TL
26,spread,16,0.8,8,cal_n30_rdd0.3_M4_s1303,30,4,76.3797,0,100,300.003,52410,TL
27,min,4,0.3,2,cal_n30_rdd0.3_M4_s1303,30,4,76.5129,0,100,300,478559,TL
28,min,4,0.3,4,cal_n30_rdd0.3_M4_s1303,30,4,76.5129,0,100,300.001,447076,TL
29,min,4,0.3,8,cal_n30_rdd0.3_M4_s1303,30,4,76.5129,0,100,300,439410,TL
30,min,4,0.5,2,cal_n30_rdd0.3_M4_s1303,30,4,76.3797,0,100,300,386837,TL
31,min,4,0.5,4,cal_n30_rdd0.3_M4_s1303,30,4,76.3797,0,100,300,445762,TL
32,min,4,0.5,8,cal_n30_rdd0.3_M4_s1303,30,4,76.3797,0,100,300,437483,TL
33,min,4,0.8,2,cal_n30_rdd0.3_M4_s1303,30,4,76.3797,0,100,300,195299,TL
34,min,4,0.8,4,cal_n30_rdd0.3_M4_s1303,30,4,76.3797,0,100,300,221721,TL
35,min,4,0.8,8,cal_n30_rdd0.3_M4_s1303,30,4,76.3797,0,100,300,218984,TL
36,min,8,0.3,2,cal_n30_rdd0.3_M4_s1303,30,4,76.5129,0,100,300.006,134740,TL
37,min,8,0.3,4,cal_n30_rdd0.3_M4_s1303,30,4,76.5129,0,100,300.002,148551,TL
38,min,8,0.3,8,cal_n30_rdd0.3_M4_s1303,30,4,76.5129,0,100,300.002,150012,TL
39,min,8,0.5,2,cal_n30_rdd0.3_M4_s1303,30,4,76.3797,0,100,300.001,124851,TL
40,min,8,0.5,4,cal_n30_rdd0.3_M4_s1303,30,4,76.3797,0,100,300.002,130604,TL
41,min,8,0.5,8,cal_n30_rdd0.3_M4_s1303,30,4,76.3797,0,100,300.004,132830,TL
42,min,8,0.8,2,cal_n30_rdd0.3_M4_s1303,30,4,76.3797,0,100,300.003,66070,TL
43,min,8,0.8,4,cal_n30_rdd0.3_M4_s1303,30,4,76.3797,0,100,300,74365,TL
44,min,8,0.8,8,cal_n30_rdd0.3_M4_s1303,30,4,76.3797,0,100,300.001,76740,TL
45,min,16,0.3,2,cal_n30_rdd0.3_M4_s1303,30,4,76.5129,0,100,300,97602,TL
46,min,16,0.3,4,cal_n30_rdd0.3_M4_s1303,30,4,76.5129,0,100,300.002,81469,TL
47,min,16,0.3,8,cal_n30_rdd0.3_M4_s1303,30,4,76.5129,0,100,300.018,85297,TL
48,min,16,0.5,2,cal_n30_rdd0.3_M4_s1303,30,4,76.3797,0,100,300,109605,TL
49,min,16,0.5,4,cal_n30_rdd0.3_M4_s1303,30,4,76.3797,0,100,300.001,50805,TL
50,min,16,0.5,8,cal_n30_rdd0.3_M4_s1303,30,4,76.3797,0,100,300.003,56727,TL
51,min,16,0.8,2,cal_n30_rdd0.3_M4_s1303,30,4,76.3797,0,100,300.006,50133,TL
52,min,16,0.8,4,cal_n30_rdd0.3_M4_s1303,30,4,76.3797,0,100,300.001,34181,TL
53,min,16,0.8,8,cal_n30_rdd0.3_M4_s1303,30,4,76.3797,0,100,300.021,36418,TL
54,sum,4,0.3,2,cal_n30_rdd0.3_M4_s1303,30,4,76.5129,0,100,300.001,498377,TL
55,sum,4,0.3,4,cal_n30_rdd0.3_M4_s1303,30,4,76.5129,0,100,300.001,495869,TL
56,sum,4,0.3,8,cal_n30_rdd0.3_M4_s1303,30,4,76.5129,0,100,300.004,483471,TL
57,sum,4,0.5,2,cal_n30_rdd0.3_M4_s1303,30,4,76.3797,0,100,300.001,355148,TL
58,sum,4,0.5,4,cal_n30_rdd0.3_M4_s1303,30,4,76.3797,0,100,300.001,394964,TL
59,sum,4,0.5,8,cal_n30_rdd0.3_M4_s1303,30,4,76.3797,0,100,300.001,331147,TL
60,sum,4,0.8,2,cal_n30_rdd0.3_M4_s1303,30,4,76.3797,0,100,300,181153,TL
61,sum,4,0.8,4,cal_n30_rdd0.3_M4_s1303,30,4,76.3797,0,100,300,199456,TL
62,sum,4,0.8,8,cal_n30_rdd0.3_M4_s1303,30,4,76.3797,0,100,300.001,179128,TL
63,sum,8,0.3,2,cal_n30_rdd0.3_M4_s1303,30,4,76.5129,0,100,300.001,90234,TL
64,sum,8,0.3,4,cal_n30_rdd0.3_M4_s1303,30,4,76.5129,0,100,300.113,36296,TL
65,sum,8,0.3,8,cal_n30_rdd0.3_M4_s1303,30,4,76.5129,0,100,300.371,35716,TL
66,sum,8,0.5,2,cal_n30_rdd0.3_M4_s1303,30,4,76.3797,0,100,300.294,51721,TL
67,sum,8,0.5,4,cal_n30_rdd0.3_M4_s1303,30,4,76.3797,0,100,300.003,99258,TL
68,sum,8,0.5,8,cal_n30_rdd0.3_M4_s1303,30,4,76.3797,0,100,300.003,98063,TL
69,sum,8,0.8,2,cal_n30_rdd0.3_M4_s1303,30,4,76.3797,0,100,301.006,39701,TL
70,sum,8,0.8,4,cal_n30_rdd0.3_M4_s1303,30,4,76.3797,0,100,300.002,56728,TL
71,sum,8,0.8,8,cal_n30_rdd0.3_M4_s1303,30,4,76.3797,0,100,300.001,52573,TL
72,sum,16,0.3,2,cal_n30_rdd0.3_M4_s1303,30,4,76.5129,0,100,300.005,134758,TL
73,sum,16,0.3,4,cal_n30_rdd0.3_M4_s1303,30,4,76.5129,0,100,300.003,117506,TL
74,sum,16,0.3,8,cal_n30_rdd0.3_M4_s1303,30,4,76.5129,0,100,300.22,76743,TL
75,sum,16,0.5,2,cal_n30_rdd0.3_M4_s1303,30,4,76.3797,0,100,300.001,107530,TL
76,sum,16,0.5,4,cal_n30_rdd0.3_M4_s1303,30,4,76.3797,0,100,300.005,97511,TL
77,sum,16,0.5,8,cal_n30_rdd0.3_M4_s1303,30,4,76.3797,0,100,300.01,73748,TL
78,sum,16,0.8,2,cal_n30_rdd0.3_M4_s1303,30,4,76.3797,0,100,300.001,60843,TL
79,sum,16,0.8,4,cal_n30_rdd0.3_M4_s1303,30,4,76.3797,0,100,300.001,56196,TL
80,sum,16,0.8,8,cal_n30_rdd0.3_M4_s1303,30,4,76.3797,0,100,300.002,57819,TL
0,spread,4,0.3,2,cal_n30_rdd0.6_M2_s1306,30,2,353.813,0,84.3315,300.672,2623,TL
1,spread,4,0.3,4,cal_n30_rdd0.6_M2_s1306,30,2,353.813,0,84.3315,300.759,2623,TL
2,spread,4,0.3,8,cal_n30_rdd0.6_M2_s1306,30,2,353.813,0,84.3315,300.777,2623,TL
3,spread,4,0.5,2,cal_n30_rdd0.6_M2_s1306,30,2,353.813,0,85.5113,300.922,2603,TL
4,spread,4,0.5,4,cal_n30_rdd0.6_M2_s1306,30,2,353.813,0,85.5113,301.008,2603,TL
5,spread,4,0.5,8,cal_n30_rdd0.6_M2_s1306,30,2,353.813,0,85.5113,300.977,2603,TL
6,spread,4,0.8,2,cal_n30_rdd0.6_M2_s1306,30,2,361.423,0,84.8991,300.03,2559,TL
7,spread,4,0.8,4,cal_n30_rdd0.6_M2_s1306,30,2,361.423,0,84.8991,300.007,2559,TL
8,spread,4,0.8,8,cal_n30_rdd0.6_M2_s1306,30,2,361.423,0,84.8991,300.016,2559,TL
9,spread,8,0.3,2,cal_n30_rdd0.6_M2_s1306,30,2,367.739,0,85.4769,300.414,165,TL
10,spread,8,0.3,4,cal_n30_rdd0.6_M2_s1306,30,2,367.739,0,85.4769,300.2,165,TL
11,spread,8,0.3,8,cal_n30_rdd0.6_M2_s1306,30,2,367.739,0,85.4769,300.228,165,TL
12,spread,8,0.5,2,cal_n30_rdd0.6_M2_s1306,30,2,367.739,0,85.8731,300.327,97,TL
13,spread,8,0.5,4,cal_n30_rdd0.6_M2_s1306,30,2,367.739,0,85.8731,300.209,97,TL
14,spread,8,0.5,8,cal_n30_rdd0.6_M2_s1306,30,2,367.739,0,85.8731,300.339,97,TL
15,spread,8,0.8,2,cal_n30_rdd0.6_M2_s1306,30,2,367.739,0,86.06,300.981,52,TL
16,spread,8,0.8,4,cal_n30_rdd0.6_M2_s1306,30,2,367.739,0,86.06,300.954,52,TL
17,spread,8,0.8,8,cal_n30_rdd0.6_M2_s1306,30,2,367.739,0,86.06,300.958,52,TL
18,spread,16,0.3,2,cal_n30_rdd0.6_M2_s1306,30,2,365.861,0,85.9884,300.143,158,TL
19,spread,16,0.3,4,cal_n30_rdd0.6_M2_s1306,30,2,365.861,0,85.9884,300.113,158,TL
20,spread,16,0.3,8,cal_n30_rdd0.6_M2_s1306,30,2,365.861,0,85.9884,300.135,158,TL
21,spread,16,0.5,2,cal_n30_rdd0.6_M2_s1306,30,2,365.861,0,85.9884,300.279,135,TL
22,spread,16,0.5,4,cal_n30_rdd0.6_M2_s1306,30,2,365.861,0,85.9884,300.276,135,TL
23,spread,16,0.5,8,cal_n30_rdd0.6_M2_s1306,30,2,365.861,0,85.9884,300.216,135,TL
24,spread,16,0.8,2,cal_n30_rdd0.6_M2_s1306,30,2,365.861,0,85.9884,300.251,101,TL
25,spread,16,0.8,4,cal_n30_rdd0.6_M2_s1306,30,2,365.861,0,85.9884,300.247,101,TL
26,spread,16,0.8,8,cal_n30_rdd0.6_M2_s1306,30,2,365.861,0,85.9884,300.256,101,TL
27,min,4,0.3,2,cal_n30_rdd0.6_M2_s1306,30,2,379.855,0,86.3845,300.018,27934,TL
28,min,4,0.3,4,cal_n30_rdd0.6_M2_s1306,30,2,379.855,0,86.5046,301.15,27920,TL
29,min,4,0.3,8,cal_n30_rdd0.6_M2_s1306,30,2,379.855,0,86.5046,301.672,27920,TL
30,min,4,0.5,2,cal_n30_rdd0.6_M2_s1306,30,2,382.609,0,86.6018,309.442,27920,TL
31,min,4,0.5,4,cal_n30_rdd0.6_M2_s1306,30,2,382.609,0,86.6018,309.306,27920,TL
32,min,4,0.5,8,cal_n30_rdd0.6_M2_s1306,30,2,382.609,0,86.6018,309.433,27920,TL
33,min,4,0.8,2,cal_n30_rdd0.6_M2_s1306,30,2,386.807,0,86.7472,303.028,27920,TL
34,min,4,0.8,4,cal_n30_rdd0.6_M2_s1306,30,2,386.807,0,86.7472,303.084,27920,TL
35,min,4,0.8,8,cal_n30_rdd0.6_M2_s1306,30,2,386.807,0,86.7472,303.036,27920,TL
36,min,8,0.3,2,cal_n30_rdd0.6_M2_s1306,30,2,386.535,0,86.492,301.771,23056,TL
37,min,8,0.3,4,cal_n30_rdd0.6_M2_s1306,30,2,386.535,0,86.492,301.763,23056,TL
38,min,8,0.3,8,cal_n30_rdd0.6_M2_s1306,30,2,386.535,0,86.492,301.845,23056,TL
39,min,8,0.5,2,cal_n30_rdd0.6_M2_s1306,30,2,386.535,0,86.5153,303.279,23055,TL
40,min,8,0.5,4,cal_n30_rdd0.6_M2_s1306,30,2,386.535,0,86.5153,303.395,23055,TL
41,min,8,0.5,8,cal_n30_rdd0.6_M2_s1306,30,2,386.535,0,86.5153,303.312,23055,TL
42,min,8,0.8,2,cal_n30_rdd0.6_M2_s1306,30,2,393.552,0,86.9743,300.044,63,TL
43,min,8,0.8,4,cal_n30_rdd0.6_M2_s1306,30,2,393.552,0,86.9743,300.023,65,TL
44,min,8,0.8,8,cal_n30_rdd0.6_M2_s1306,30,2,393.552,0,86.9743,300.022,65,TL
45,min,16,0.3,2,cal_n30_rdd0.6_M2_s1306,30,2,393.552,0,86.5038,300.053,404,TL
46,min,16,0.3,4,cal_n30_rdd0.6_M2_s1306,30,2,393.552,0,86.5038,300.045,404,TL
47,min,16,0.3,8,cal_n30_rdd0.6_M2_s1306,30,2,393.552,0,86.5038,300.005,405,TL
48,min,16,0.5,2,cal_n30_rdd0.6_M2_s1306,30,2,393.552,0,86.5038,300.066,249,TL
49,min,16,0.5,4,cal_n30_rdd0.6_M2_s1306,30,2,393.552,0,86.5038,300.074,249,TL
50,min,16,0.5,8,cal_n30_rdd0.6_M2_s1306,30,2,393.552,0,86.5038,300.012,251,TL
51,min,16,0.8,2,cal_n30_rdd0.6_M2_s1306,30,2,393.552,0,86.5038,300.048,99,TL
52,min,16,0.8,4,cal_n30_rdd0.6_M2_s1306,30,2,393.552,0,86.5038,300.062,93,TL
53,min,16,0.8,8,cal_n30_rdd0.6_M2_s1306,30,2,393.552,0,86.5038,300.05,99,TL
54,sum,4,0.3,2,cal_n30_rdd0.6_M2_s1306,30,2,387.443,0,86.7689,302.729,20121,TL
55,sum,4,0.3,4,cal_n30_rdd0.6_M2_s1306,30,2,387.443,0,86.7689,302.833,20121,TL
56,sum,4,0.3,8,cal_n30_rdd0.6_M2_s1306,30,2,387.443,0,86.7689,302.83,20121,TL
57,sum,4,0.5,2,cal_n30_rdd0.6_M2_s1306,30,2,387.443,0,86.7689,303.457,19853,TL
58,sum,4,0.5,4,cal_n30_rdd0.6_M2_s1306,30,2,387.443,0,86.7689,303.422,19853,TL
59,sum,4,0.5,8,cal_n30_rdd0.6_M2_s1306,30,2,387.443,0,86.7689,303.564,19853,TL
60,sum,4,0.8,2,cal_n30_rdd0.6_M2_s1306,30,2,393.552,0,86.9743,300.098,46,TL
61,sum,4,0.8,4,cal_n30_rdd0.6_M2_s1306,30,2,393.552,0,86.9743,300.111,46,TL
62,sum,4,0.8,8,cal_n30_rdd0.6_M2_s1306,30,2,393.552,0,86.9743,300.096,46,TL
63,sum,8,0.3,2,cal_n30_rdd0.6_M2_s1306,30,2,369.84,0,84.8,301.263,368,TL
64,sum,8,0.3,4,cal_n30_rdd0.6_M2_s1306,30,2,369.84,0,84.8,301.199,368,TL
65,sum,8,0.3,8,cal_n30_rdd0.6_M2_s1306,30,2,369.84,0,84.8,301.169,368,TL
66,sum,8,0.5,2,cal_n30_rdd0.6_M2_s1306,30,2,369.84,0,84.5413,301.699,359,TL
67,sum,8,0.5,4,cal_n30_rdd0.6_M2_s1306,30,2,369.84,0,84.5413,301.767,359,TL
68,sum,8,0.5,8,cal_n30_rdd0.6_M2_s1306,30,2,369.84,0,84.5413,301.726,359,TL
69,sum,8,0.8,2,cal_n30_rdd0.6_M2_s1306,30,2,372.412,0,84.9216,300.266,349,TL
70,sum,8,0.8,4,cal_n30_rdd0.6_M2_s1306,30,2,372.412,0,84.9216,300.299,349,TL
71,sum,8,0.8,8,cal_n30_rdd0.6_M2_s1306,30,2,372.412,0,84.9216,300.294,349,TL
72,sum,16,0.3,2,cal_n30_rdd0.6_M2_s1306,30,2,375.363,0,86.3431,300.085,325,TL
73,sum,16,0.3,4,cal_n30_rdd0.6_M2_s1306,30,2,375.363,0,86.3431,300.085,325,TL
74,sum,16,0.3,8,cal_n30_rdd0.6_M2_s1306,30,2,375.363,0,86.3431,300.116,325,TL
75,sum,16,0.5,2,cal_n30_rdd0.6_M2_s1306,30,2,375.61,0,86.3521,300.094,232,TL
76,sum,16,0.5,4,cal_n30_rdd0.6_M2_s1306,30,2,375.61,0,86.3521,300.057,232,TL
77,sum,16,0.5,8,cal_n30_rdd0.6_M2_s1306,30,2,375.61,0,86.3521,300.012,232,TL
78,sum,16,0.8,2,cal_n30_rdd0.6_M2_s1306,30,2,375.61,0,86.3521,300.026,94,TL
79,sum,16,0.8,4,cal_n30_rdd0.6_M2_s1306,30,2,375.61,0,86.3521,300.005,94,TL
80,sum,16,0.8,8,cal_n30_rdd0.6_M2_s1306,30,2,375.61,0,83.9979,300.047,89,TL
